Status,Sharpe,Fitness,Returns(%),Drawdown(%),Margin(bps),Universe,Delay,Decay,Model,Code
FAILED,0,0,0,0,0,TOP3000,0,0,intraday_structural,"group_neutralize(ts_mean(zscore(pcr_vol_10) * rank(((vwap - open) / (open + 1e-9))), 3), bucket(rank(cap), range="0, 1, 0.1"))"
FAILED,0,0,0,0,0,TOP3000,0,0,regime_switching,"group_neutralize(if_else(parkinson_volatility_10 < 0.12, rank(vwap / (close + 1e-9)), rank(event_novelty_score_2)), bucket(rank(cap), range="0, 1, 0.1"))"
FAILED,0,0,0,0,0,TOP3000,0,0,regime_switching,"group_neutralize(if_else(beta_last_30_days_spy < 1.5, zscore(high - low), rank(option_breakeven_10)), bucket(rank(cap), range="0, 1, 0.1"))"
FAILED,0,0,0,0,0,TOP3000,0,0,regime_switching,"group_neutralize(ts_decay_linear(if_else(parkinson_volatility_10 > 0.08, rank((close - open) / (open + 1e-9)), rank(nws18_bee_fast_d1)), 1), bucket(rank(cap), range="0, 1, 0.1"))"
FAILED,0,0,0,0,0,TOP3000,0,0,intraday_structural,"group_neutralize(rank(event_novelty_score_2) * rank(((high - low)  / (vwap + 1e-9))), bucket(rank(cap), range="0, 1, 0.1"))"
FAILED,0,0,0,0,0,TOP3000,0,0,regime_switching,"group_neutralize(ts_decay_linear(if_else(beta_last_30_days_spy > 1.2, rank((close - vwap) / (vwap + 1e-9)), rank(implied_volatility_mean_skew_10)), 3), bucket(rank(cap), range="0, 1, 0.1"))"
FAILED,0,0,0,0,0,TOP3000,0,0,regime_switching,"group_neutralize(ts_decay_linear(if_else(unsystematic_risk_last_30_days < 0.1, zscore(high - low), rank(nws18_bee_fast_d1)), 1), bucket(rank(cap), range="0, 1, 0.1"))"
FAILED,0,0,0,0,0,TOP3000,0,0,event_driven,"group_neutralize(ts_mean(trade_when(nws18_bee_fast_d1 > ts_mean(nws18_bee_fast_d1, 15) * 3.0, rank(zscore(pcr_vol_10)), -1), 3), bucket(rank(ts_mean(volume, 20)), range="0, 1, 0.1"))"
FAILED,0,0,0,0,0,TOP3000,0,0,event_driven,"group_neutralize(trade_when(snt_social_volume_fast_d1 > ts_mean(snt_social_volume_fast_d1, 10) * 3.0, rank(zscore(snt_social_volume_fast_d1)), -1), bucket(rank(cap), range="0, 1, 0.1"))"
FAILED,0,0,0,0,0,TOP3000,0,0,regime_switching,"group_neutralize(if_else(unsystematic_risk_last_30_days > 0.1, rank((close - vwap) / (vwap + 1e-9)), rank(option_breakeven_10)), bucket(rank(ts_mean(volume, 20)), range="0, 1, 0.1"))"
FAILED,0,0,0,0,0,TOP3000,0,0,intraday_structural,"-group_neutralize((zscore(implied_volatility_mean_skew_10) + rank(event_novelty_score_2)) * rank(((close - open) / (open + 1e-9))), bucket(rank(ts_mean(volume, 20)), range="0, 1, 0.1"))"
FAILED,0,0,0,0,0,TOP3000,0,0,intraday_structural,"-group_neutralize(ts_decay_linear(zscore(nws18_bee_fast_d1) * rank(((close - vwap) / (vwap + 1e-9))), 3), bucket(rank(ts_mean(volume, 20)), range="0, 1, 0.1"))"
FAILED,0,0,0,0,0,TOP3000,0,0,regime_switching,"group_neutralize(ts_decay_linear(if_else(beta_last_30_days_spy < 1.2, rank((close - vwap) / (vwap + 1e-9)), rank(event_novelty_score_2)), 2), bucket(rank(ts_mean(volume, 20)), range="0, 1, 0.1"))"
FAILED,0,0,0,0,0,TOP3000,0,0,regime_switching,"group_neutralize(if_else(unsystematic_risk_last_30_days < 0.3, rank((close - open) / (open + 1e-9)), rank(nws18_bee_fast_d1)), bucket(rank(cap), range="0, 1, 0.1"))"
FAILED,0,0,0,0,0,TOP3000,0,0,event_driven,"group_neutralize(ts_mean(trade_when(snt_social_volume_fast_d1 > ts_mean(snt_social_volume_fast_d1, 20) * 3.0, rank(zscore(nws18_qep_fast_d1)), -1), 2), bucket(rank(ts_mean(volume, 20)), range="0, 1, 0.1"))"
FAILED,0,0,0,0,0,TOP3000,0,0,event_driven,"group_neutralize(trade_when(nws18_qep_fast_d1 > ts_mean(nws18_qep_fast_d1, 15) * 2.5, rank(zscore(pcr_vol_10)), -1), bucket(rank(ts_mean(volume, 20)), range="0, 1, 0.1"))"
FAILED,0,0,0,0,0,TOP3000,0,0,event_driven,"group_neutralize(ts_decay_linear(trade_when(nws18_bee_fast_d1 > ts_mean(nws18_bee_fast_d1, 15) * 1.5, rank(zscore(implied_volatility_mean_skew_10)), -1), 2), bucket(rank(cap), range="0, 1, 0.1"))"
FAILED,0,0,0,0,0,TOP3000,0,0,regime_switching,"group_neutralize(ts_decay_linear(if_else(parkinson_volatility_10 > 0.12, rank(vwap / (close + 1e-9)), rank(pcr_vol_10)), 1), bucket(rank(ts_mean(volume, 20)), range="0, 1, 0.1"))"
FAILED,0,0,0,0,0,TOP3000,0,0,intraday_structural,"-group_neutralize(zscore(option_breakeven_10) * rank(((high - low)  / (vwap + 1e-9))), bucket(rank(ts_mean(volume, 20)), range="0, 1, 0.1"))"
FAILED,0,0,0,0,0,TOP3000,0,0,intraday_structural,"group_neutralize(ts_decay_linear(rank(event_novelty_score_2) * rank(((vwap - open) / (open + 1e-9))), 1), bucket(rank(ts_mean(volume, 20)), range="0, 1, 0.1"))"
FAILED,0,0,0,0,0,TOP3000,0,0,event_driven,"group_neutralize(trade_when(nws18_bee_fast_d1 > ts_mean(nws18_bee_fast_d1, 10) * 1.5, rank(zscore(event_novelty_score_2)), -1), bucket(rank(ts_mean(volume, 20)), range="0, 1, 0.1"))"
FAILED,0,0,0,0,0,TOP3000,0,0,regime_switching,"group_neutralize(if_else(parkinson_volatility_10 > 0.08, rank((close - open) / (open + 1e-9)), rank(implied_volatility_mean_skew_10)), bucket(rank(ts_mean(volume, 20)), range="0, 1, 0.1"))"
FAILED,0,0,0,0,0,TOP3000,0,0,regime_switching,"group_neutralize(if_else(parkinson_volatility_10 > 0.05, rank(vwap / (close + 1e-9)), rank(nws18_qep_fast_d1)), bucket(rank(ts_mean(volume, 20)), range="0, 1, 0.1"))"
FAILED,0,0,0,0,0,TOP3000,0,0,intraday_structural,"group_neutralize((rank(option_breakeven_10) + rank(nws18_qep_fast_d1)) * rank(((close - high) / (high + 1e-9))), bucket(rank(cap), range="0, 1, 0.1"))"
FAILED,0,0,0,0,0,TOP3000,0,0,regime_switching,"group_neutralize(if_else(unsystematic_risk_last_30_days > 0.1, rank((close - open) / (open + 1e-9)), rank(nws18_qep_fast_d1)), bucket(rank(cap), range="0, 1, 0.1"))"
FAILED,0,0,0,0,0,TOP3000,0,0,intraday_structural,"-group_neutralize((zscore(snt_social_volume_fast_d1) + rank(implied_volatility_mean_skew_10)) * rank(((close - high) / (high + 1e-9))), bucket(rank(cap), range="0, 1, 0.1"))"
FAILED,0,0,0,0,0,TOP3000,0,0,event_driven,"group_neutralize(trade_when(nws18_qep_fast_d1 > ts_mean(nws18_qep_fast_d1, 5) * 3.0, rank(zscore(event_novelty_score_2)), -1), bucket(rank(cap), range="0, 1, 0.1"))"
FAILED,0,0,0,0,0,TOP3000,0,0,event_driven,"group_neutralize(trade_when(nws18_qep_fast_d1 > ts_mean(nws18_qep_fast_d1, 5) * 1.5, rank(zscore(event_novelty_score_2)), -1), bucket(rank(cap), range="0, 1, 0.1"))"
FAILED,0,0,0,0,0,TOP3000,0,0,event_driven,"group_neutralize(ts_decay_linear(trade_when(snt_social_volume_fast_d1 > ts_mean(snt_social_volume_fast_d1, 10) * 2.0, rank(zscore(event_novelty_score_2)), -1), 2), bucket(rank(cap), range="0, 1, 0.1"))"
FAILED,0,0,0,0,0,TOP3000,0,0,intraday_structural,"-group_neutralize(ts_decay_linear(zscore(snt_social_volume_fast_d1) * rank(((high - low)  / (vwap + 1e-9))), 3), bucket(rank(cap), range="0, 1, 0.1"))"
FAILED,0,0,0,0,0,TOP3000,0,0,event_driven,"group_neutralize(ts_decay_linear(trade_when(nws18_bee_fast_d1 > ts_mean(nws18_bee_fast_d1, 20) * 2.0, rank(zscore(pcr_vol_10)), -1), 1), bucket(rank(ts_mean(volume, 20)), range="0, 1, 0.1"))"
FAILED,0,0,0,0,0,TOP3000,0,0,regime_switching,"group_neutralize(if_else(parkinson_volatility_10 > 0.08, rank((close - open) / (open + 1e-9)), rank(pcr_vol_10)), bucket(rank(ts_mean(volume, 20)), range="0, 1, 0.1"))"
FAILED,0,0,0,0,0,TOP3000,0,0,regime_switching,"group_neutralize(if_else(parkinson_volatility_10 < 0.03, zscore(high - low), rank(option_breakeven_10)), bucket(rank(ts_mean(volume, 20)), range="0, 1, 0.1"))"
FAILED,0,0,0,0,0,TOP3000,0,0,event_driven,"group_neutralize(trade_when(snt_social_volume_fast_d1 > ts_mean(snt_social_volume_fast_d1, 10) * 2.5, rank(zscore(option_breakeven_10)), -1), bucket(rank(ts_mean(volume, 20)), range="0, 1, 0.1"))"
FAILED,0,0,0,0,0,TOP3000,0,0,regime_switching,"group_neutralize(if_else(parkinson_volatility_10 > 0.12, rank((close - vwap) / (vwap + 1e-9)), rank(option_breakeven_10)), bucket(rank(ts_mean(volume, 20)), range="0, 1, 0.1"))"
FAILED,0,0,0,0,0,TOP3000,0,0,intraday_structural,"group_neutralize(ts_mean((zscore(pcr_vol_10) + rank(snt_social_volume_fast_d1)) * rank(((high - low)  / (vwap + 1e-9))), 1), bucket(rank(ts_mean(volume, 20)), range="0, 1, 0.1"))"
FAILED,0,0,0,0,0,TOP3000,0,0,regime_switching,"group_neutralize(ts_decay_linear(if_else(beta_last_30_days_spy < 0.8, zscore(high - low), rank(pcr_vol_10)), 3), bucket(rank(cap), range="0, 1, 0.1"))"
FAILED,0,0,0,0,0,TOP3000,0,0,event_driven,"group_neutralize(trade_when(nws18_qep_fast_d1 > ts_mean(nws18_qep_fast_d1, 15) * 2.5, rank(zscore(pcr_vol_10)), -1), bucket(rank(cap), range="0, 1, 0.1"))"
FAILED,0,0,0,0,0,TOP3000,0,0,regime_switching,"group_neutralize(if_else(beta_last_30_days_spy > 1.0, zscore(high - low), rank(nws18_qep_fast_d1)), bucket(rank(cap), range="0, 1, 0.1"))"
FAILED,0,0,0,0,0,TOP3000,0,0,event_driven,"group_neutralize(trade_when(event_novelty_score_2 > ts_mean(event_novelty_score_2, 5) * 2.5, rank(zscore(snt_social_volume_fast_d1)), -1), bucket(rank(cap), range="0, 1, 0.1"))"
FAILED,0,0,0,0,0,TOP3000,0,0,event_driven,"group_neutralize(trade_when(snt_social_volume_fast_d1 > ts_mean(snt_social_volume_fast_d1, 5) * 2.0, rank(zscore(pcr_vol_10)), -1), bucket(rank(cap), range="0, 1, 0.1"))"
FAILED,0,0,0,0,0,TOP3000,0,0,regime_switching,"group_neutralize(ts_mean(if_else(parkinson_volatility_10 < 0.12, rank((close - vwap) / (vwap + 1e-9)), rank(option_breakeven_10)), 3), bucket(rank(cap), range="0, 1, 0.1"))"
FAILED,0,0,0,0,0,TOP3000,0,0,intraday_structural,"group_neutralize(rank(nws18_bee_fast_d1) * rank(((close - vwap) / (vwap + 1e-9))), bucket(rank(ts_mean(volume, 20)), range="0, 1, 0.1"))"
FAILED,0,0,0,0,0,TOP3000,0,0,regime_switching,"group_neutralize(if_else(unsystematic_risk_last_30_days > 0.1, rank((close - open) / (open + 1e-9)), rank(nws18_qep_fast_d1)), bucket(rank(ts_mean(volume, 20)), range="0, 1, 0.1"))"
FAILED,0,0,0,0,0,TOP3000,0,0,event_driven,"group_neutralize(trade_when(event_novelty_score_2 > ts_mean(event_novelty_score_2, 20) * 1.5, rank(zscore(implied_volatility_mean_skew_10)), -1), bucket(rank(cap), range="0, 1, 0.1"))"
FAILED,0,0,0,0,0,TOP3000,0,0,intraday_structural,"group_neutralize(rank(option_breakeven_10) * rank(((high - low)  / (vwap + 1e-9))), bucket(rank(cap), range="0, 1, 0.1"))"
FAILED,0,0,0,0,0,TOP3000,0,0,event_driven,"group_neutralize(trade_when(nws18_qep_fast_d1 > ts_mean(nws18_qep_fast_d1, 10) * 2.0, rank(zscore(implied_volatility_mean_skew_10)), -1), bucket(rank(cap), range="0, 1, 0.1"))"
FAILED,0,0,0,0,0,TOP3000,0,0,regime_switching,"group_neutralize(if_else(parkinson_volatility_10 > 0.03, zscore(high - low), rank(nws18_bee_fast_d1)), bucket(rank(cap), range="0, 1, 0.1"))"
FAILED,0,0,0,0,0,TOP3000,0,0,event_driven,"group_neutralize(trade_when(nws18_qep_fast_d1 > ts_mean(nws18_qep_fast_d1, 10) * 3.0, rank(zscore(implied_volatility_mean_skew_10)), -1), bucket(rank(ts_mean(volume, 20)), range="0, 1, 0.1"))"
FAILED,0,0,0,0,0,TOP3000,0,0,intraday_structural,"group_neutralize(zscore(nws18_bee_fast_d1) * rank(((close - vwap) / (vwap + 1e-9))), bucket(rank(cap), range="0, 1, 0.1"))"
FAILED,0,0,0,0,0,TOP3000,0,0,event_driven,"group_neutralize(ts_mean(trade_when(snt_social_volume_fast_d1 > ts_mean(snt_social_volume_fast_d1, 10) * 3.0, rank(zscore(event_novelty_score_2)), -1), 3), bucket(rank(cap), range="0, 1, 0.1"))"
FAILED,0,0,0,0,0,TOP3000,0,0,intraday_structural,"group_neutralize(zscore(nws18_qep_fast_d1) * rank(((close - high) / (high + 1e-9))), bucket(rank(cap), range="0, 1, 0.1"))"
FAILED,0,0,0,0,0,TOP3000,0,0,intraday_structural,"-group_neutralize(rank(nws18_qep_fast_d1) * rank(((vwap - open) / (open + 1e-9))), bucket(rank(cap), range="0, 1, 0.1"))"
FAILED,0,0,0,0,0,TOP3000,0,0,intraday_structural,"group_neutralize(ts_decay_linear(rank(implied_volatility_mean_skew_10) * rank(((close - high) / (high + 1e-9))), 3), bucket(rank(ts_mean(volume, 20)), range="0, 1, 0.1"))"
FAILED,0,0,0,0,0,TOP3000,0,0,regime_switching,"group_neutralize(if_else(parkinson_volatility_10 > 0.03, rank((close - open) / (open + 1e-9)), rank(event_novelty_score_2)), bucket(rank(ts_mean(volume, 20)), range="0, 1, 0.1"))"
FAILED,0,0,0,0,0,TOP3000,0,0,event_driven,"group_neutralize(ts_decay_linear(trade_when(snt_social_volume_fast_d1 > ts_mean(snt_social_volume_fast_d1, 20) * 3.0, rank(zscore(implied_volatility_mean_skew_10)), -1), 2), bucket(rank(cap), range="0, 1, 0.1"))"
FAILED,0,0,0,0,0,TOP3000,0,0,intraday_structural,"-group_neutralize(ts_decay_linear((rank(nws18_bee_fast_d1) + rank(snt_social_volume_fast_d1)) * rank(((close - vwap) / (vwap + 1e-9))), 2), bucket(rank(cap), range="0, 1, 0.1"))"
FAILED,0,0,0,0,0,TOP3000,0,0,intraday_structural,"-group_neutralize(zscore(nws18_bee_fast_d1) * rank(((vwap - open) / (open + 1e-9))), bucket(rank(cap), range="0, 1, 0.1"))"
FAILED,0,0,0,0,0,TOP3000,0,0,regime_switching,"group_neutralize(if_else(unsystematic_risk_last_30_days < 0.3, rank((close - vwap) / (vwap + 1e-9)), rank(implied_volatility_mean_skew_10)), bucket(rank(ts_mean(volume, 20)), range="0, 1, 0.1"))"
FAILED,0,0,0,0,0,TOP3000,0,0,regime_switching,"group_neutralize(if_else(parkinson_volatility_10 > 0.05, zscore(high - low), rank(implied_volatility_mean_skew_10)), bucket(rank(cap), range="0, 1, 0.1"))"
FAILED,0,0,0,0,0,TOP3000,0,0,event_driven,"group_neutralize(trade_when(event_novelty_score_2 > ts_mean(event_novelty_score_2, 10) * 1.5, rank(zscore(implied_volatility_mean_skew_10)), -1), bucket(rank(ts_mean(volume, 20)), range="0, 1, 0.1"))"
FAILED,0,0,0,0,0,TOP3000,0,0,event_driven,"group_neutralize(trade_when(nws18_bee_fast_d1 > ts_mean(nws18_bee_fast_d1, 5) * 2.5, rank(zscore(nws18_bee_fast_d1)), -1), bucket(rank(ts_mean(volume, 20)), range="0, 1, 0.1"))"
FAILED,0,0,0,0,0,TOP3000,0,0,intraday_structural,"-group_neutralize(ts_mean(rank(nws18_bee_fast_d1) * rank(((high - low)  / (vwap + 1e-9))), 1), bucket(rank(cap), range="0, 1, 0.1"))"
FAILED,0,0,0,0,0,TOP3000,0,0,intraday_structural,"-group_neutralize(zscore(nws18_bee_fast_d1) * rank(((close - open) / (open + 1e-9))), bucket(rank(ts_mean(volume, 20)), range="0, 1, 0.1"))"
FAILED,0,0,0,0,0,TOP3000,0,0,intraday_structural,"-group_neutralize(zscore(implied_volatility_mean_skew_10) * rank(((high - low)  / (vwap + 1e-9))), bucket(rank(ts_mean(volume, 20)), range="0, 1, 0.1"))"
FAILED,0,0,0,0,0,TOP3000,0,0,intraday_structural,"-group_neutralize(zscore(event_novelty_score_2) * rank(((vwap - open) / (open + 1e-9))), bucket(rank(cap), range="0, 1, 0.1"))"
FAILED,0,0,0,0,0,TOP3000,0,0,intraday_structural,"-group_neutralize(ts_mean(rank(nws18_bee_fast_d1) * rank(((vwap - open) / (open + 1e-9))), 2), bucket(rank(ts_mean(volume, 20)), range="0, 1, 0.1"))"
FAILED,0,0,0,0,0,TOP3000,0,0,regime_switching,"group_neutralize(if_else(beta_last_30_days_spy > 1.5, rank(vwap / (close + 1e-9)), rank(nws18_bee_fast_d1)), bucket(rank(cap), range="0, 1, 0.1"))"
FAILED,0,0,0,0,0,TOP3000,0,0,regime_switching,"group_neutralize(ts_decay_linear(if_else(beta_last_30_days_spy < 1.0, rank(vwap / (close + 1e-9)), rank(nws18_qep_fast_d1)), 3), bucket(rank(cap), range="0, 1, 0.1"))"
FAILED,0,0,0,0,0,TOP3000,0,0,event_driven,"group_neutralize(ts_decay_linear(trade_when(snt_social_volume_fast_d1 > ts_mean(snt_social_volume_fast_d1, 15) * 1.5, rank(zscore(snt_social_volume_fast_d1)), -1), 2), bucket(rank(ts_mean(volume, 20)), range="0, 1, 0.1"))"
FAILED,0,0,0,0,0,TOP3000,0,0,event_driven,"group_neutralize(ts_mean(trade_when(snt_social_volume_fast_d1 > ts_mean(snt_social_volume_fast_d1, 5) * 2.5, rank(zscore(pcr_vol_10)), -1), 1), bucket(rank(cap), range="0, 1, 0.1"))"
FAILED,0,0,0,0,0,TOP3000,0,0,regime_switching,"group_neutralize(ts_decay_linear(if_else(beta_last_30_days_spy > 1.0, rank((close - open) / (open + 1e-9)), rank(nws18_bee_fast_d1)), 3), bucket(rank(ts_mean(volume, 20)), range="0, 1, 0.1"))"
FAILED,0,0,0,0,0,TOP3000,0,0,intraday_structural,"-group_neutralize((zscore(implied_volatility_mean_skew_10) + rank(snt_social_volume_fast_d1)) * rank(((close - open) / (open + 1e-9))), bucket(rank(cap), range="0, 1, 0.1"))"
FAILED,0,0,0,0,0,TOP3000,0,0,event_driven,"group_neutralize(ts_mean(trade_when(nws18_bee_fast_d1 > ts_mean(nws18_bee_fast_d1, 15) * 2.5, rank(zscore(implied_volatility_mean_skew_10)), -1), 1), bucket(rank(cap), range="0, 1, 0.1"))"
FAILED,0,0,0,0,0,TOP3000,0,0,intraday_structural,"-group_neutralize((rank(event_novelty_score_2) + rank(pcr_vol_10)) * rank(((close - vwap) / (vwap + 1e-9))), bucket(rank(ts_mean(volume, 20)), range="0, 1, 0.1"))"
FAILED,0,0,0,0,0,TOP3000,0,0,intraday_structural,"group_neutralize(ts_mean((rank(event_novelty_score_2) + rank(implied_volatility_mean_skew_10)) * rank(((close - open) / (open + 1e-9))), 1), bucket(rank(cap), range="0, 1, 0.1"))"
FAILED,0,0,0,0,0,TOP3000,0,0,intraday_structural,"-group_neutralize(ts_mean(zscore(snt_social_volume_fast_d1) * rank(((close - vwap) / (vwap + 1e-9))), 1), bucket(rank(ts_mean(volume, 20)), range="0, 1, 0.1"))"
FAILED,0,0,0,0,0,TOP3000,0,0,intraday_structural,"group_neutralize(zscore(nws18_qep_fast_d1) * rank(((close - vwap) / (vwap + 1e-9))), bucket(rank(ts_mean(volume, 20)), range="0, 1, 0.1"))"
FAILED,0,0,0,0,0,TOP3000,0,0,regime_switching,"group_neutralize(if_else(parkinson_volatility_10 > 0.12, zscore(high - low), rank(pcr_vol_10)), bucket(rank(cap), range="0, 1, 0.1"))"
FAILED,0,0,0,0,0,TOP3000,0,0,event_driven,"group_neutralize(trade_when(nws18_bee_fast_d1 > ts_mean(nws18_bee_fast_d1, 10) * 2.0, rank(zscore(option_breakeven_10)), -1), bucket(rank(ts_mean(volume, 20)), range="0, 1, 0.1"))"
FAILED,0,0,0,0,0,TOP3000,0,0,event_driven,"group_neutralize(trade_when(nws18_bee_fast_d1 > ts_mean(nws18_bee_fast_d1, 10) * 1.5, rank(zscore(snt_social_volume_fast_d1)), -1), bucket(rank(ts_mean(volume, 20)), range="0, 1, 0.1"))"
FAILED,0,0,0,0,0,TOP3000,0,0,regime_switching,"group_neutralize(ts_decay_linear(if_else(parkinson_volatility_10 < 0.12, rank(vwap / (close + 1e-9)), rank(snt_social_volume_fast_d1)), 3), bucket(rank(ts_mean(volume, 20)), range="0, 1, 0.1"))"
FAILED,0,0,0,0,0,TOP3000,0,0,regime_switching,"group_neutralize(if_else(beta_last_30_days_spy < 1.2, zscore(high - low), rank(event_novelty_score_2)), bucket(rank(cap), range="0, 1, 0.1"))"
FAILED,0,0,0,0,0,TOP3000,0,0,intraday_structural,"group_neutralize((rank(nws18_bee_fast_d1) + rank(snt_social_volume_fast_d1)) * rank(((vwap - open) / (open + 1e-9))), bucket(rank(cap), range="0, 1, 0.1"))"
FAILED,0,0,0,0,0,TOP3000,0,0,intraday_structural,"-group_neutralize(ts_decay_linear((rank(pcr_vol_10) + rank(snt_social_volume_fast_d1)) * rank(((high - low)  / (vwap + 1e-9))), 1), bucket(rank(ts_mean(volume, 20)), range="0, 1, 0.1"))"
FAILED,0,0,0,0,0,TOP3000,0,0,intraday_structural,"-group_neutralize(rank(event_novelty_score_2) * rank(((close - vwap) / (vwap + 1e-9))), bucket(rank(ts_mean(volume, 20)), range="0, 1, 0.1"))"
FAILED,0,0,0,0,0,TOP3000,0,0,regime_switching,"group_neutralize(ts_decay_linear(if_else(parkinson_volatility_10 > 0.08, zscore(high - low), rank(pcr_vol_10)), 1), bucket(rank(cap), range="0, 1, 0.1"))"
FAILED,0,0,0,0,0,TOP3000,0,0,intraday_structural,"-group_neutralize(ts_mean(rank(pcr_vol_10) * rank(((vwap - open) / (open + 1e-9))), 1), bucket(rank(cap), range="0, 1, 0.1"))"
FAILED,0,0,0,0,0,TOP3000,0,0,intraday_structural,"group_neutralize(rank(option_breakeven_10) * rank(((close - open) / (open + 1e-9))), bucket(rank(cap), range="0, 1, 0.1"))"
FAILED,0,0,0,0,0,TOP3000,0,0,event_driven,"group_neutralize(ts_mean(trade_when(nws18_qep_fast_d1 > ts_mean(nws18_qep_fast_d1, 5) * 1.5, rank(zscore(option_breakeven_10)), -1), 2), bucket(rank(cap), range="0, 1, 0.1"))"
FAILED,0,0,0,0,0,TOP3000,0,0,intraday_structural,"group_neutralize(ts_decay_linear((zscore(event_novelty_score_2) + rank(snt_social_volume_fast_d1)) * rank(((vwap - open) / (open + 1e-9))), 1), bucket(rank(ts_mean(volume, 20)), range="0, 1, 0.1"))"
FAILED,0,0,0,0,0,TOP3000,0,0,event_driven,"group_neutralize(ts_decay_linear(trade_when(nws18_qep_fast_d1 > ts_mean(nws18_qep_fast_d1, 20) * 2.0, rank(zscore(nws18_qep_fast_d1)), -1), 3), bucket(rank(ts_mean(volume, 20)), range="0, 1, 0.1"))"
FAILED,0,0,0,0,0,TOP3000,0,0,event_driven,"group_neutralize(trade_when(snt_social_volume_fast_d1 > ts_mean(snt_social_volume_fast_d1, 20) * 2.0, rank(zscore(event_novelty_score_2)), -1), bucket(rank(cap), range="0, 1, 0.1"))"
FAILED,0,0,0,0,0,TOP3000,0,0,intraday_structural,"group_neutralize(rank(snt_social_volume_fast_d1) * rank(((close - high) / (high + 1e-9))), bucket(rank(cap), range="0, 1, 0.1"))"
FAILED,0,0,0,0,0,TOP3000,0,0,event_driven,"group_neutralize(trade_when(snt_social_volume_fast_d1 > ts_mean(snt_social_volume_fast_d1, 5) * 2.5, rank(zscore(event_novelty_score_2)), -1), bucket(rank(cap), range="0, 1, 0.1"))"
FAILED,0,0,0,0,0,TOP3000,0,0,regime_switching,"group_neutralize(if_else(beta_last_30_days_spy > 1.5, zscore(high - low), rank(nws18_qep_fast_d1)), bucket(rank(cap), range="0, 1, 0.1"))"
FAILED,0,0,0,0,0,TOP3000,0,0,event_driven,"group_neutralize(trade_when(nws18_bee_fast_d1 > ts_mean(nws18_bee_fast_d1, 15) * 2.0, rank(zscore(pcr_vol_10)), -1), bucket(rank(ts_mean(volume, 20)), range="0, 1, 0.1"))"
FAILED,0,0,0,0,0,TOP3000,0,0,event_driven,"group_neutralize(ts_mean(trade_when(snt_social_volume_fast_d1 > ts_mean(snt_social_volume_fast_d1, 20) * 2.0, rank(zscore(snt_social_volume_fast_d1)), -1), 3), bucket(rank(cap), range="0, 1, 0.1"))"
FAILED,0,0,0,0,0,TOP3000,0,0,intraday_structural,"group_neutralize(zscore(pcr_vol_10) * rank(((close - high) / (high + 1e-9))), bucket(rank(cap), range="0, 1, 0.1"))"
FAILED,0,0,0,0,0,TOP3000,0,0,event_driven,"group_neutralize(ts_mean(trade_when(event_novelty_score_2 > ts_mean(event_novelty_score_2, 15) * 1.5, rank(zscore(snt_social_volume_fast_d1)), -1), 3), bucket(rank(cap), range="0, 1, 0.1"))"
FAILED,0,0,0,0,0,TOP3000,0,0,event_driven,"group_neutralize(ts_decay_linear(trade_when(nws18_bee_fast_d1 > ts_mean(nws18_bee_fast_d1, 15) * 1.5, rank(zscore(nws18_bee_fast_d1)), -1), 1), bucket(rank(cap), range="0, 1, 0.1"))"
FAILED,0,0,0,0,0,TOP3000,0,0,intraday_structural,"group_neutralize(rank(nws18_qep_fast_d1) * rank(((high - low)  / (vwap + 1e-9))), bucket(rank(ts_mean(volume, 20)), range="0, 1, 0.1"))"
FAILED,0,0,0,0,0,TOP3000,0,0,event_driven,"group_neutralize(ts_mean(trade_when(snt_social_volume_fast_d1 > ts_mean(snt_social_volume_fast_d1, 5) * 1.5, rank(zscore(snt_social_volume_fast_d1)), -1), 3), bucket(rank(cap), range="0, 1, 0.1"))"
FAILED,0,0,0,0,0,TOP3000,0,0,event_driven,"group_neutralize(trade_when(nws18_bee_fast_d1 > ts_mean(nws18_bee_fast_d1, 20) * 2.5, rank(zscore(nws18_qep_fast_d1)), -1), bucket(rank(cap), range="0, 1, 0.1"))"
FAILED,0,0,0,0,0,TOP3000,0,0,regime_switching,"group_neutralize(if_else(unsystematic_risk_last_30_days > 0.1, rank((close - open) / (open + 1e-9)), rank(nws18_qep_fast_d1)), bucket(rank(ts_mean(volume, 20)), range="0, 1, 0.1"))"
FAILED,0,0,0,0,0,TOP3000,0,0,intraday_structural,"group_neutralize(rank(pcr_vol_10) * rank(((close - high) / (high + 1e-9))), bucket(rank(ts_mean(volume, 20)), range="0, 1, 0.1"))"
FAILED,0,0,0,0,0,TOP3000,0,0,regime_switching,"group_neutralize(if_else(parkinson_volatility_10 < 0.08, rank((close - vwap) / (vwap + 1e-9)), rank(nws18_qep_fast_d1)), bucket(rank(ts_mean(volume, 20)), range="0, 1, 0.1"))"
FAILED,0,0,0,0,0,TOP3000,0,0,intraday_structural,"-group_neutralize(zscore(nws18_qep_fast_d1) * rank(((close - high) / (high + 1e-9))), bucket(rank(cap), range="0, 1, 0.1"))"
FAILED,0,0,0,0,0,TOP3000,0,0,intraday_structural,"-group_neutralize(rank(event_novelty_score_2) * rank(((high - low)  / (vwap + 1e-9))), bucket(rank(cap), range="0, 1, 0.1"))"
FAILED,0,0,0,0,0,TOP3000,0,0,intraday_structural,"-group_neutralize(ts_decay_linear(zscore(pcr_vol_10) * rank(((vwap - open) / (open + 1e-9))), 1), bucket(rank(cap), range="0, 1, 0.1"))"
FAILED,0,0,0,0,0,TOP3000,0,0,regime_switching,"group_neutralize(ts_mean(if_else(beta_last_30_days_spy > 0.8, rank((close - vwap) / (vwap + 1e-9)), rank(option_breakeven_10)), 2), bucket(rank(ts_mean(volume, 20)), range="0, 1, 0.1"))"
FAILED,0,0,0,0,0,TOP3000,0,0,event_driven,"group_neutralize(trade_when(nws18_qep_fast_d1 > ts_mean(nws18_qep_fast_d1, 15) * 3.0, rank(zscore(nws18_qep_fast_d1)), -1), bucket(rank(ts_mean(volume, 20)), range="0, 1, 0.1"))"
FAILED,0,0,0,0,0,TOP3000,0,0,regime_switching,"group_neutralize(if_else(unsystematic_risk_last_30_days < 0.3, rank((close - open) / (open + 1e-9)), rank(option_breakeven_10)), bucket(rank(ts_mean(volume, 20)), range="0, 1, 0.1"))"
FAILED,0,0,0,0,0,TOP3000,0,0,event_driven,"group_neutralize(trade_when(nws18_bee_fast_d1 > ts_mean(nws18_bee_fast_d1, 5) * 1.5, rank(zscore(option_breakeven_10)), -1), bucket(rank(ts_mean(volume, 20)), range="0, 1, 0.1"))"
FAILED,0,0,0,0,0,TOP3000,0,0,intraday_structural,"group_neutralize(zscore(nws18_qep_fast_d1) * rank(((vwap - open) / (open + 1e-9))), bucket(rank(cap), range="0, 1, 0.1"))"
FAILED,0,0,0,0,0,TOP3000,0,0,regime_switching,"group_neutralize(if_else(unsystematic_risk_last_30_days < 0.2, zscore(high - low), rank(pcr_vol_10)), bucket(rank(ts_mean(volume, 20)), range="0, 1, 0.1"))"
FAILED,0,0,0,0,0,TOP3000,0,0,intraday_structural,"-group_neutralize(rank(pcr_vol_10) * rank(((close - open) / (open + 1e-9))), bucket(rank(cap), range="0, 1, 0.1"))"
FAILED,0,0,0,0,0,TOP3000,0,0,event_driven,"group_neutralize(trade_when(nws18_qep_fast_d1 > ts_mean(nws18_qep_fast_d1, 10) * 1.5, rank(zscore(nws18_qep_fast_d1)), -1), bucket(rank(ts_mean(volume, 20)), range="0, 1, 0.1"))"
FAILED,0,0,0,0,0,TOP3000,0,0,intraday_structural,"group_neutralize(ts_mean(zscore(event_novelty_score_2) * rank(((close - vwap) / (vwap + 1e-9))), 2), bucket(rank(ts_mean(volume, 20)), range="0, 1, 0.1"))"
FAILED,0,0,0,0,0,TOP3000,0,0,event_driven,"group_neutralize(ts_decay_linear(trade_when(event_novelty_score_2 > ts_mean(event_novelty_score_2, 5) * 2.5, rank(zscore(implied_volatility_mean_skew_10)), -1), 1), bucket(rank(cap), range="0, 1, 0.1"))"
FAILED,0,0,0,0,0,TOP3000,0,0,regime_switching,"group_neutralize(ts_decay_linear(if_else(unsystematic_risk_last_30_days > 0.1, rank((close - vwap) / (vwap + 1e-9)), rank(nws18_bee_fast_d1)), 1), bucket(rank(cap), range="0, 1, 0.1"))"
FAILED,0,0,0,0,0,TOP3000,0,0,event_driven,"group_neutralize(ts_decay_linear(trade_when(nws18_bee_fast_d1 > ts_mean(nws18_bee_fast_d1, 20) * 1.5, rank(zscore(option_breakeven_10)), -1), 1), bucket(rank(cap), range="0, 1, 0.1"))"
FAILED,0,0,0,0,0,TOP3000,0,0,event_driven,"group_neutralize(ts_decay_linear(trade_when(nws18_qep_fast_d1 > ts_mean(nws18_qep_fast_d1, 20) * 2.5, rank(zscore(snt_social_volume_fast_d1)), -1), 3), bucket(rank(cap), range="0, 1, 0.1"))"
FAILED,0,0,0,0,0,TOP3000,0,0,intraday_structural,"group_neutralize(ts_decay_linear(rank(implied_volatility_mean_skew_10) * rank(((high - low)  / (vwap + 1e-9))), 2), bucket(rank(ts_mean(volume, 20)), range="0, 1, 0.1"))"
FAILED,0,0,0,0,0,TOP3000,0,0,intraday_structural,"-group_neutralize(ts_mean(zscore(snt_social_volume_fast_d1) * rank(((high - low)  / (vwap + 1e-9))), 1), bucket(rank(ts_mean(volume, 20)), range="0, 1, 0.1"))"
FAILED,0,0,0,0,0,TOP3000,0,0,event_driven,"group_neutralize(trade_when(nws18_bee_fast_d1 > ts_mean(nws18_bee_fast_d1, 15) * 3.0, rank(zscore(nws18_qep_fast_d1)), -1), bucket(rank(cap), range="0, 1, 0.1"))"
FAILED,0,0,0,0,0,TOP3000,0,0,regime_switching,"group_neutralize(if_else(unsystematic_risk_last_30_days > 0.3, rank((close - vwap) / (vwap + 1e-9)), rank(pcr_vol_10)), bucket(rank(ts_mean(volume, 20)), range="0, 1, 0.1"))"
FAILED,0,0,0,0,0,TOP3000,0,0,intraday_structural,"-group_neutralize(zscore(snt_social_volume_fast_d1) * rank(((vwap - open) / (open + 1e-9))), bucket(rank(cap), range="0, 1, 0.1"))"
FAILED,0,0,0,0,0,TOP3000,0,0,event_driven,"group_neutralize(ts_decay_linear(trade_when(snt_social_volume_fast_d1 > ts_mean(snt_social_volume_fast_d1, 20) * 2.0, rank(zscore(nws18_bee_fast_d1)), -1), 2), bucket(rank(cap), range="0, 1, 0.1"))"
FAILED,0,0,0,0,0,TOP3000,0,0,intraday_structural,"group_neutralize(ts_mean(zscore(option_breakeven_10) * rank(((close - open) / (open + 1e-9))), 1), bucket(rank(ts_mean(volume, 20)), range="0, 1, 0.1"))"
FAILED,0,0,0,0,0,TOP3000,0,0,regime_switching,"group_neutralize(if_else(parkinson_volatility_10 < 0.12, rank(vwap / (close + 1e-9)), rank(nws18_bee_fast_d1)), bucket(rank(ts_mean(volume, 20)), range="0, 1, 0.1"))"
FAILED,0,0,0,0,0,TOP3000,0,0,regime_switching,"group_neutralize(ts_decay_linear(if_else(beta_last_30_days_spy > 1.0, rank((close - vwap) / (vwap + 1e-9)), rank(nws18_bee_fast_d1)), 1), bucket(rank(ts_mean(volume, 20)), range="0, 1, 0.1"))"
FAILED,0,0,0,0,0,TOP3000,0,0,regime_switching,"group_neutralize(ts_decay_linear(if_else(beta_last_30_days_spy > 1.0, rank((close - open) / (open + 1e-9)), rank(pcr_vol_10)), 1), bucket(rank(cap), range="0, 1, 0.1"))"
FAILED,0,0,0,0,0,TOP3000,0,0,event_driven,"group_neutralize(trade_when(snt_social_volume_fast_d1 > ts_mean(snt_social_volume_fast_d1, 10) * 3.0, rank(zscore(event_novelty_score_2)), -1), bucket(rank(ts_mean(volume, 20)), range="0, 1, 0.1"))"
FAILED,0,0,0,0,0,TOP3000,0,0,regime_switching,"group_neutralize(if_else(parkinson_volatility_10 > 0.03, zscore(high - low), rank(option_breakeven_10)), bucket(rank(cap), range="0, 1, 0.1"))"
FAILED,0,0,0,0,0,TOP3000,0,0,regime_switching,"group_neutralize(if_else(parkinson_volatility_10 > 0.08, zscore(high - low), rank(event_novelty_score_2)), bucket(rank(ts_mean(volume, 20)), range="0, 1, 0.1"))"
FAILED,0,0,0,0,0,TOP3000,0,0,intraday_structural,"group_neutralize(rank(nws18_qep_fast_d1) * rank(((high - low)  / (vwap + 1e-9))), bucket(rank(cap), range="0, 1, 0.1"))"
FAILED,0,0,0,0,0,TOP3000,0,0,event_driven,"group_neutralize(trade_when(nws18_qep_fast_d1 > ts_mean(nws18_qep_fast_d1, 20) * 2.0, rank(zscore(implied_volatility_mean_skew_10)), -1), bucket(rank(ts_mean(volume, 20)), range="0, 1, 0.1"))"
FAILED,0,0,0,0,0,TOP3000,0,0,intraday_structural,"group_neutralize(ts_mean(zscore(option_breakeven_10) * rank(((high - low)  / (vwap + 1e-9))), 2), bucket(rank(ts_mean(volume, 20)), range="0, 1, 0.1"))"
FAILED,0,0,0,0,0,TOP3000,0,0,event_driven,"group_neutralize(ts_decay_linear(trade_when(nws18_qep_fast_d1 > ts_mean(nws18_qep_fast_d1, 5) * 2.0, rank(zscore(implied_volatility_mean_skew_10)), -1), 1), bucket(rank(cap), range="0, 1, 0.1"))"
