Status,Sharpe,Fitness,Returns(%),Drawdown(%),Margin(bps),Turnover(%),Universe,Delay,Decay,Neutralization,FailedChecks,Code
SUCCESS,1.7780,1.8307,2.6313,-5.8489,20.9714,21.5915,TOP1000,0,3,SUBINDUSTRY,,"normalize(ts_decay_linear(group_neutralize(rank(ts_backfill(mdl177_2_earningmomentumfactor400_surp, 60)), bucket(rank(ts_mean(volume, 20)), range=""0, 1, 0.1"")), 3))"
ERROR,,,,,,,TOP1000,0,3,SUBINDUSTRY,,"normalize(ts_decay_linear(group_neutralize(rank(rank(ts_backfill(mdl177_2_5yearrelativevaluefactor_rel5yfcfp, 60)) * rank(ts_backfill(social_sentiment_buzz, 60))), bucket(rank(cap), range=""0, 1, 0.1"")), 5))"
ERROR,,,,,,,TOP1000,0,3,INDUSTRY,,"normalize(ts_decay_linear(group_neutralize(rank(rank(ts_backfill(credit_risk_premium_indicator, 60)) * rank(ts_backfill(social_sentiment_buzz, 60))), bucket(rank(cap), range=""0, 1, 0.1"")), 5))"
ERROR,,,,,,,TOP3000,0,3,INDUSTRY,,"normalize(ts_decay_linear(group_neutralize(rank(rank(ts_backfill(mdl177_2_deepvaluemodel_dvm_composite, 60)) * rank(ts_backfill(social_sentiment_buzz, 60))), bucket(rank(cap), range=""0, 1, 0.1"")), 5))"
ERROR,,,,,,,TOP3000,0,5,SUBINDUSTRY,,"normalize(ts_decay_linear(group_neutralize(rank(rank(ts_backfill(liquidity_cash_to_liabilities_ratio, 60)) * rank(ts_backfill(social_sentiment_buzz, 60))), bucket(rank(cap), range=""0, 1, 0.1"")), 5))"
ERROR,,,,,,,TOP3000,0,10,SUBINDUSTRY,,"-1 * normalize(ts_decay_linear(group_neutralize(rank(ts_backfill(mdl177_2_earningmomentumfactor400_surp, 60)), bucket(rank(ts_mean(volume, 20)), range=""0, 1, 0.1"")), 3))"
ERROR,,,,,,,TOP1000,0,5,SUBINDUSTRY,,"-1 * normalize(ts_decay_linear(group_neutralize(rank(ts_backfill(mdl177_2_deepvaluefactor_fwdep, 60)), bucket(rank(ts_mean(volume, 20)), range=""0, 1, 0.1"")), 3))"
FAILED,-0.0800,-0.0200,-0.6600,29.8800,-5.7500,2.2800,TOP3000,0,2,INDUSTRY,LOW_SHARPE;LOW_FITNESS;SELF_CORRELATION,"-1 * normalize(ts_decay_linear(group_neutralize(rank(ts_backfill(credit_facility_max_borrowing_2, 60)), bucket(rank(ts_mean(volume, 20)), range=""0, 1, 0.1"")), 3))"
FAILED,0.0400,0.0100,0.2400,18.4700,0.3600,13.0600,TOP3000,0,3,SUBINDUSTRY,LOW_SHARPE;LOW_FITNESS;SELF_CORRELATION,"-1 * normalize(ts_decay_linear(group_neutralize(rank(rank(ts_rank(ts_backfill(credit_facility_max_borrowing_2, 60), 90)) - rank(ts_rank(returns, 20))), bucket(rank(ts_mean(volume, 20)), range=""0, 1, 0.1"")), 10))"
ERROR,,,,,,,TOP1000,0,8,SUBINDUSTRY,,"normalize(ts_decay_linear(group_neutralize(rank(ts_delta(rank(ts_backfill(mdl177_2_earningmomentumfactor400_surp, 60)), 20)), bucket(rank(ts_mean(volume, 20)), range=""0, 1, 0.1"")), 10))"
ERROR,,,,,,,TOP3000,0,2,SUBINDUSTRY,,"normalize(ts_decay_linear(group_neutralize(rank(ts_delta(rank(ts_backfill(mdl177_2_deepvaluefactor_ttmocfp, 60)), 20)), bucket(rank(ts_mean(volume, 20)), range=""0, 1, 0.1"")), 10))"
ERROR,,,,,,,TOP1000,0,2,INDUSTRY,,"normalize(ts_decay_linear(group_neutralize(rank(ts_delta(rank(ts_backfill(distress_risk_measure, 60)), 20)), bucket(rank(ts_mean(volume, 20)), range=""0, 1, 0.1"")), 10))"
ERROR,,,,,,,TOP3000,0,10,INDUSTRY,,"normalize(ts_decay_linear(group_neutralize(rank(ts_delta(rank(ts_backfill(mdl177_2_deepvaluefactor_bp, 60)), 20)), bucket(rank(ts_mean(volume, 20)), range=""0, 1, 0.1"")), 10))"
ERROR,,,,,,,TOP1000,0,8,SUBINDUSTRY,,"-1 * normalize(ts_decay_linear(group_neutralize(rank(rank(ts_rank(ts_backfill(fnd6_cptnewqv1300_dlttq, 60), 90)) - rank(ts_rank(close, 20))), bucket(rank(ts_mean(volume, 20)), range=""0, 1, 0.1"")), 3))"
FAILED,-0.3500,-0.1400,-2.3400,20.3400,-2.9900,15.6500,TOP1000,0,5,INDUSTRY,LOW_SHARPE;LOW_FITNESS;SELF_CORRELATION,"-1 * normalize(ts_decay_linear(group_neutralize(rank(rank(ts_rank(ts_backfill(domestic_ebit_value, 60), 90)) - rank(ts_rank(close, 20))), bucket(rank(ts_mean(volume, 20)), range=""0, 1, 0.1"")), 3))"
SUCCESS,0.2900,0.0800,0.9700,8.7100,5.8100,3.3500,TOP3000,0,10,SUBINDUSTRY,LOW_SHARPE;LOW_FITNESS,"-1 * normalize(ts_decay_linear(group_neutralize(rank(ts_rank(ts_backfill(domestic_ebit_value, 60), 90)), bucket(rank(cap), range=""0, 1, 0.1"")), 10))"
ERROR,,,,,,,TOP3000,0,10,SUBINDUSTRY,,"-1 * normalize(ts_decay_linear(group_neutralize(rank(ts_rank(ts_backfill(current_liabilities_to_price_v1, 60), 90)), bucket(rank(cap), range=""0, 1, 0.1"")), 10))"
ERROR,,,,,,,TOP3000,0,3,INDUSTRY,,"-1 * normalize(ts_decay_linear(group_neutralize(rank(ts_rank(ts_backfill(mdl177_2_earningsqualityfactor_chgsgasale, 60), 90)), industry), 8))"
ERROR,,,,,,,TOP1000,0,2,SUBINDUSTRY,,"-1 * normalize(ts_decay_linear(group_neutralize(rank(ts_rank(ts_backfill(mdl177_2_deepvaluefactor_ttmcfp, 60), 90)), industry), 8))"
ERROR,,,,,,,TOP1000,0,2,SUBINDUSTRY,,"-1 * normalize(ts_decay_linear(group_neutralize(rank(ts_rank(ts_backfill(mdl177_2_deepvaluefactor_indidivy, 60), 90)), industry), 8))"
SUCCESS,-0.2500,-0.0700,-1.1200,11.8800,-4.1500,5.4000,TOP1000,0,10,INDUSTRY,LOW_SHARPE;LOW_FITNESS,"-1 * normalize(ts_decay_linear(group_neutralize(rank(ts_rank(ts_backfill(assets, 60), 90)), industry), 8))"
ERROR,,,,,,,TOP1000,0,3,SUBINDUSTRY,,"normalize(ts_decay_linear(group_neutralize(rank(rank(ts_rank(ts_backfill(earnings_shortfall_metric, 60), 90)) - rank(ts_rank(vwap, 20))), bucket(rank(ts_mean(volume, 20)), range=""0, 1, 0.1"")), 5))"
ERROR,,,,,,,TOP1000,0,10,SUBINDUSTRY,,"normalize(ts_decay_linear(group_neutralize(rank(rank(ts_rank(ts_backfill(anl4_ptp_flag, 60), 90)) - rank(ts_rank(vwap, 20))), bucket(rank(ts_mean(volume, 20)), range=""0, 1, 0.1"")), 5))"
ERROR,,,,,,,TOP3000,0,5,INDUSTRY,,"normalize(ts_decay_linear(group_neutralize(rank(rank(ts_rank(ts_backfill(mdl177_2_garpanalystmodel_qgp_relpegy, 60), 90)) - rank(ts_rank(vwap, 20))), bucket(rank(ts_mean(volume, 20)), range=""0, 1, 0.1"")), 5))"
ERROR,,,,,,,TOP1000,0,3,INDUSTRY,,"normalize(ts_decay_linear(group_neutralize(rank(rank(ts_rank(ts_backfill(mdl177_2_garpmodel_gpm_composite, 60), 90)) - rank(ts_rank(vwap, 20))), bucket(rank(ts_mean(volume, 20)), range=""0, 1, 0.1"")), 5))"
ERROR,,,,,,,TOP1000,0,5,SUBINDUSTRY,,"normalize(ts_decay_linear(group_neutralize(rank(rank(ts_rank(ts_backfill(mdl177_2_earningmomentumfactor400_surp, 60), 90)) - rank(ts_rank(returns, 20))), bucket(rank(ts_mean(volume, 20)), range=""0, 1, 0.1"")), 10))"
ERROR,,,,,,,TOP1000,0,5,SUBINDUSTRY,,"normalize(ts_decay_linear(group_neutralize(rank(rank(ts_rank(ts_backfill(mdl177_2_earningsqualityfactor_uar, 60), 90)) - rank(ts_rank(returns, 20))), bucket(rank(ts_mean(volume, 20)), range=""0, 1, 0.1"")), 10))"
ERROR,,,,,,,TOP1000,0,8,SUBINDUSTRY,,"normalize(ts_decay_linear(group_neutralize(rank(rank(ts_rank(ts_backfill(mdl177_2_garpanalystmodel_qgp_valuation, 60), 90)) - rank(ts_rank(returns, 20))), bucket(rank(ts_mean(volume, 20)), range=""0, 1, 0.1"")), 10))"
FAILED,0.5800,0.2700,3.0200,8.5500,4.4300,13.6500,TOP3000,0,8,INDUSTRY,LOW_SHARPE;LOW_FITNESS;SELF_CORRELATION,"normalize(ts_decay_linear(group_neutralize(rank(rank(ts_rank(ts_backfill(ebit, 60), 90)) - rank(ts_rank(returns, 20))), bucket(rank(ts_mean(volume, 20)), range=""0, 1, 0.1"")), 10))"
ERROR,,,,,,,TOP3000,0,8,SUBINDUSTRY,,"normalize(ts_decay_linear(group_neutralize(rank(ts_backfill(mdl177_2_earningmomentumfactor400_surp, 60)), bucket(rank(cap), range=""0, 1, 0.1"")), 3))"
FAILED,0.4100,0.2600,4.9500,20.8100,32.1700,3.0800,TOP3000,0,2,SUBINDUSTRY,LOW_SHARPE;LOW_FITNESS;LOW_SUB_UNIVERSE_SHARPE;SELF_CORRELATION,"normalize(ts_decay_linear(group_neutralize(rank(ts_backfill(ebitda, 60)), bucket(rank(cap), range=""0, 1, 0.1"")), 3))"
SUCCESS,0.4400,0.2300,3.5400,13.0600,5.7100,12.3900,TOP1000,0,5,INDUSTRY,LOW_SHARPE;LOW_FITNESS;LOW_SUB_UNIVERSE_SHARPE,"normalize(ts_decay_linear(group_neutralize(rank(rank(ts_rank(ts_backfill(ebitda, 60), 90)) - rank(ts_rank(close, 20))), industry), 10))"
SUCCESS,0.2700,0.1000,1.8300,10.2100,3.1300,11.6900,TOP1000,0,8,SUBINDUSTRY,LOW_SHARPE;LOW_FITNESS;LOW_SUB_UNIVERSE_SHARPE,"normalize(ts_decay_linear(group_neutralize(rank(rank(ts_rank(ts_backfill(bookvalue_ps, 60), 90)) - rank(ts_rank(close, 20))), industry), 10))"
ERROR,,,,,,,TOP1000,0,2,INDUSTRY,,"-1 * normalize(ts_decay_linear(group_neutralize(rank(rank(ts_backfill(credit_facility_max_borrowing_2, 60)) * rank(ts_backfill(options_volume_flow, 60))), bucket(rank(ts_mean(volume, 20)), range=""0, 1, 0.1"")), 5))"
ERROR,,,,,,,TOP1000,0,2,SUBINDUSTRY,,"-1 * normalize(ts_decay_linear(group_neutralize(rank(rank(ts_backfill(mdl177_2_5yearrelativevaluefactor_rel5yebitdap, 60)) * rank(ts_backfill(options_volume_flow, 60))), bucket(rank(ts_mean(volume, 20)), range=""0, 1, 0.1"")), 5))"
ERROR,,,,,,,TOP3000,0,10,INDUSTRY,,"-1 * normalize(ts_decay_linear(group_neutralize(rank(rank(ts_backfill(mdl177_2_garpanalystmodel_qgp_chgvaluation, 60)) * rank(ts_backfill(options_volume_flow, 60))), bucket(rank(ts_mean(volume, 20)), range=""0, 1, 0.1"")), 5))"
ERROR,,,,,,,TOP3000,0,5,INDUSTRY,,"-1 * normalize(ts_decay_linear(group_neutralize(rank(rank(ts_backfill(anl4_adjusted_netincome_ft, 60)) * rank(ts_backfill(options_volume_flow, 60))), bucket(rank(ts_mean(volume, 20)), range=""0, 1, 0.1"")), 5))"
SUCCESS,0.9500,0.7200,7.2800,8.0100,39.3800,3.7000,TOP3000,0,8,SUBINDUSTRY,LOW_SHARPE;LOW_FITNESS,"normalize(ts_decay_linear(group_neutralize(rank(rank(ts_backfill(credit_facility_max_borrowing, 60)) * rank(ts_backfill(implied_volatility_call_270, 60))), bucket(rank(cap), range=""0, 1, 0.1"")), 2))"
ERROR,,,,,,,TOP1000,0,8,INDUSTRY,,"normalize(ts_decay_linear(group_neutralize(rank(rank(ts_backfill(mdl177_2_earningsqualityfactor_ttmaccu, 60)) * rank(ts_backfill(implied_volatility_call_270, 60))), bucket(rank(cap), range=""0, 1, 0.1"")), 2))"
ERROR,,,,,,,TOP1000,0,5,INDUSTRY,,"normalize(ts_decay_linear(group_neutralize(rank(rank(ts_backfill(mdl177_2_deepvaluefactor_indidivy, 60)) * rank(ts_backfill(implied_volatility_call_270, 60))), bucket(rank(cap), range=""0, 1, 0.1"")), 2))"
ERROR,,,,,,,TOP3000,0,10,INDUSTRY,,"normalize(ts_decay_linear(group_neutralize(rank(rank(ts_backfill(mdl177_2_earningsqualityfactor_dpcapex, 60)) * rank(ts_backfill(implied_volatility_call_270, 60))), bucket(rank(cap), range=""0, 1, 0.1"")), 2))"
ERROR,,,,,,,TOP3000,0,2,INDUSTRY,,"normalize(ts_decay_linear(group_neutralize(rank(rank(ts_rank(ts_backfill(mdl177_2_earningmomentumfactor400_surp, 60), 90)) - rank(ts_rank(close, 20))), subindustry), 10))"
ERROR,,,,,,,TOP3000,0,3,SUBINDUSTRY,,"normalize(ts_decay_linear(group_neutralize(rank(rank(ts_rank(ts_backfill(mdl177_2_earningsqualityfactor_saleeps, 60), 90)) - rank(ts_rank(close, 20))), subindustry), 10))"
ERROR,,,,,,,TOP1000,0,2,INDUSTRY,,"normalize(ts_decay_linear(group_neutralize(rank(rank(ts_rank(ts_backfill(mdl177_2_deepvaluefactor_cashp, 60), 90)) - rank(ts_rank(close, 20))), subindustry), 10))"
ERROR,,,,,,,TOP3000,0,5,SUBINDUSTRY,,"normalize(ts_decay_linear(group_neutralize(rank(rank(ts_rank(ts_backfill(gross_profit_to_assets_ratio, 60), 90)) - rank(ts_rank(close, 20))), subindustry), 10))"
ERROR,,,,,,,TOP1000,0,10,SUBINDUSTRY,,"-1 * normalize(ts_decay_linear(group_neutralize(rank(zscore(ts_backfill(earnings_momentum_composite_score_2, 60))), bucket(rank(cap), range=""0, 1, 0.1"")), 8))"
ERROR,,,,,,,TOP3000,0,3,INDUSTRY,,"-1 * normalize(ts_decay_linear(group_neutralize(rank(zscore(ts_backfill(forward_sales_to_price, 60))), bucket(rank(cap), range=""0, 1, 0.1"")), 8))"
FAILED,-0.7200,-0.2400,-2.6800,16.0700,-2.2800,23.4600,TOP3000,0,2,SUBINDUSTRY,LOW_SHARPE;LOW_FITNESS;LOW_SUB_UNIVERSE_SHARPE;SELF_CORRELATION,"normalize(ts_decay_linear(group_neutralize(rank(rank(ts_rank(ts_backfill(ebit, 60), 90)) - rank(ts_rank(volume, 20))), bucket(rank(cap), range=""0, 1, 0.1"")), 8))"
FAILED,-0.4400,-0.1600,-2.4300,17.4300,-2.5700,18.9300,TOP1000,0,3,INDUSTRY,LOW_SHARPE;LOW_FITNESS;SELF_CORRELATION,"normalize(ts_decay_linear(group_neutralize(rank(rank(ts_rank(ts_backfill(ebit, 60), 90)) - rank(ts_rank(volume, 20))), bucket(rank(ts_mean(volume, 20)), range=""0, 1, 0.1"")), 10))"
SUCCESS,0.5300,0.2700,3.2600,10.2400,6.1500,10.6100,TOP3000,0,10,INDUSTRY,LOW_SHARPE;LOW_FITNESS,"normalize(ts_decay_linear(group_neutralize(rank(rank(ts_rank(ts_backfill(ebit, 60), 90)) - rank(ts_rank(close, 20))), subindustry), 10))"
ERROR,,,,,,,TOP1000,0,5,SUBINDUSTRY,,"normalize(ts_decay_linear(group_neutralize(rank(rank(ts_rank(ts_backfill(mdl177_2_earningsqualityfactor_dpcapex, 60), 90)) - rank(ts_rank(close, 20))), subindustry), 10))"
FAILED,0.6170,0.5268,-8.5349,-12.2732,2.9998,20.6163,TOP3000,0,10,INDUSTRY,SELF_CORRELATION,"normalize(ts_decay_linear(group_neutralize(rank(ts_backfill(earnings_momentum_composite_score, 60)), bucket(rank(ts_mean(volume, 20)), range=""0, 1, 0.1"")), 3))"
SUCCESS,0.7465,1.1242,30.6565,-15.0238,22.7021,31.0700,TOP1000,0,10,INDUSTRY,,"normalize(ts_decay_linear(group_neutralize(rank(rank(ts_rank(ts_backfill(earnings_momentum_composite_score, 60), 90)) - rank(ts_rank(returns, 20))), bucket(rank(cap), range=""0, 1, 0.1"")), 10))"
SUCCESS,2.0276,1.8003,21.4037,-11.6302,24.5530,57.2521,TOP3000,0,3,SUBINDUSTRY,,"normalize(ts_decay_linear(group_neutralize(rank(rank(ts_rank(ts_backfill(mdl177_2_earningsqualityfactor_uar, 60), 90)) - rank(ts_rank(returns, 20))), bucket(rank(cap), range=""0, 1, 0.1"")), 10))"
SUCCESS,1.4510,0.6939,33.5974,-21.6807,7.3538,61.9929,TOP3000,0,3,NONE,,"normalize(ts_decay_linear(group_neutralize(rank(rank(ts_rank(ts_backfill(mdl177_2_earningsqualityfactor_uar, 60), 90)) - rank(ts_rank(returns, 20))), industry), 10))"
FAILED,,,,,,,TOP3000,0,3,SUBINDUSTRY,SELF_CORRELATION,"normalize(ts_decay_linear(group_neutralize(rank(group_neutralize(rank(rank(ts_rank(ts_backfill(mdl177_2_earningsqualityfactor_uar, 60), 90)) - rank(ts_rank(returns, 20))), industry)), bucket(rank(cap), range=""0, 1, 0.1"")), 10))"
FAILED,,,,,,,TOP3000,0,3,SUBINDUSTRY,SELF_CORRELATION,"normalize(ts_decay_linear(group_neutralize(rank(rank(ts_rank(ts_backfill(mdl177_2_earningsqualityfactor_uar, 60), 90)) - rank(ts_rank(returns, 20))), bucket(rank(ts_mean(volume, 20)), range=""0, 1, 0.1"")), 10))"
SUCCESS,1.6019,2.1818,10.7514,-3.6438,12.7415,6.5763,TOP1000,0,5,SUBINDUSTRY,,"normalize(ts_decay_linear(group_neutralize(rank(ts_delta(zscore(ts_backfill(enterprise_value_weighted_value_score, 60)), 5)), bucket(rank(cap), range=""0, 1, 0.1"")), 3))"
FAILED,1.5987,1.2118,17.2734,-16.8016,22.0875,61.0468,TOP3000,0,3,INDUSTRY,SELF_CORRELATION,"normalize(ts_decay_linear(group_neutralize(rank(ts_rank(ts_backfill(current_liabilities_to_price, 60), 20)), bucket(rank(cap), range=""0, 1, 0.1"")), 3))"
FAILED,,,,,,,TOP3000,0,8,SUBINDUSTRY,,"normalize(ts_decay_linear(group_neutralize(rank(ts_delta(zscore(ts_backfill(current_liabilities_to_price, 60)), 20)), bucket(rank(cap), range=""0, 1, 0.1"")), 10))"
FAILED,-0.4700,-0.1800,-1.8400,10.7000,-6.8100,5.4100,TOP3000,0,10,SUBINDUSTRY,LOW_SHARPE;LOW_FITNESS;SELF_CORRELATION,"normalize(ts_decay_linear(group_neutralize(rank(ts_rank(ts_backfill(fnd6_dltr, 60), 60)), subindustry), 10))"
FAILED,0.6100,0.3600,4.8700,11.3700,6.9800,13.9400,TOP3000,0,2,INDUSTRY,LOW_SHARPE;LOW_FITNESS;SELF_CORRELATION,"normalize(ts_decay_linear(group_neutralize(rank(rank(ts_rank(ts_backfill(fnd6_dltr, 60), 90)) - rank(ts_rank(close, 20))), bucket(rank(ts_mean(volume, 20)), range=""0, 1, 0.1"")), 10))"
FAILED,0.0500,0.0100,0.2000,7.8000,0.2600,15.1100,TOP1000,0,8,SUBINDUSTRY,LOW_SHARPE;LOW_FITNESS;SELF_CORRELATION,"normalize(ts_decay_linear(group_neutralize(rank(rank(ts_rank(ts_backfill(fnd6_dltr, 60), 90)) - rank(ts_rank(volume, 20))), subindustry), 10))"
FAILED,0.5800,0.3600,4.7700,13.1100,8.2600,11.5400,TOP1000,0,8,INDUSTRY,LOW_SHARPE;LOW_FITNESS;SELF_CORRELATION,"normalize(ts_decay_linear(group_neutralize(rank(rank(ts_rank(ts_backfill(fnd6_dltr, 60), 90)) - rank(ts_rank(close, 20))), bucket(rank(ts_mean(volume, 20)), range=""0, 1, 0.1"")), 10))"
ERROR,,,,,,,TOP1000,0,10,SUBINDUSTRY,,"normalize(ts_decay_linear(group_neutralize(rank(rank(ts_rank(ts_backfill(mdl177_2_garpanalystmodel_qgp_composite, 60), 90)) - rank(ts_rank(vwap, 20))), bucket(rank(ts_mean(volume, 20)), range=""0, 1, 0.1"")), 10))"
ERROR,,,,,,,TOP1000,0,2,INDUSTRY,,"normalize(ts_decay_linear(group_neutralize(rank(rank(ts_rank(ts_backfill(mdl177_2_deepvaluefactor_coreepsp, 60), 90)) - rank(ts_rank(vwap, 20))), bucket(rank(ts_mean(volume, 20)), range=""0, 1, 0.1"")), 10))"
ERROR,,,,,,,TOP3000,0,5,SUBINDUSTRY,,"normalize(ts_decay_linear(group_neutralize(rank(rank(ts_rank(ts_backfill(anl4_afv4_eps_mean, 60), 90)) - rank(ts_rank(vwap, 20))), bucket(rank(ts_mean(volume, 20)), range=""0, 1, 0.1"")), 10))"
FAILED,0.5600,0.2600,2.6200,4.8200,5.0500,10.3600,TOP1000,0,8,SUBINDUSTRY,LOW_SHARPE;LOW_FITNESS;SELF_CORRELATION,"normalize(ts_decay_linear(group_neutralize(rank(rank(ts_rank(ts_backfill(debt_principal_due_year_five, 60), 90)) - rank(ts_rank(vwap, 20))), bucket(rank(ts_mean(volume, 20)), range=""0, 1, 0.1"")), 10))"
ERROR,,,,,,,TOP1000,0,3,INDUSTRY,,"normalize(ts_decay_linear(group_neutralize(rank(rank(ts_rank(ts_backfill(mdl177_2_deepvaluefactor_navp, 60), 90)) - rank(ts_rank(returns, 20))), bucket(rank(ts_mean(volume, 20)), range=""0, 1, 0.1"")), 5))"
FAILED,0.7100,0.2600,2.7000,5.8800,2.7200,19.8900,TOP3000,0,3,INDUSTRY,LOW_SHARPE;LOW_FITNESS;LOW_SUB_UNIVERSE_SHARPE;SELF_CORRELATION,"normalize(ts_decay_linear(group_neutralize(rank(rank(ts_rank(ts_backfill(debt_repayments_total, 60), 90)) - rank(ts_rank(returns, 20))), bucket(rank(ts_mean(volume, 20)), range=""0, 1, 0.1"")), 5))"
FAILED,-0.2900,-0.0700,-1.0100,11.2800,-1.3100,15.3700,TOP1000,0,2,SUBINDUSTRY,LOW_SHARPE;LOW_FITNESS;LOW_SUB_UNIVERSE_SHARPE;SELF_CORRELATION,"normalize(ts_decay_linear(group_neutralize(rank(rank(ts_rank(ts_backfill(debt_repayments_total, 60), 90)) - rank(ts_rank(volume, 20))), bucket(rank(ts_mean(volume, 20)), range=""0, 1, 0.1"")), 10))"
FAILED,0.8100,0.4400,3.7000,4.0000,7.1500,10.3500,TOP1000,0,5,SUBINDUSTRY,LOW_SHARPE;LOW_FITNESS;SELF_CORRELATION,"normalize(ts_decay_linear(group_neutralize(rank(rank(ts_rank(ts_backfill(debt_repayments_total, 60), 90)) - rank(ts_rank(vwap, 20))), bucket(rank(cap), range=""0, 1, 0.1"")), 10))"
ERROR,,,,,,,TOP1000,0,3,SUBINDUSTRY,,"normalize(ts_decay_linear(group_neutralize(rank(rank(ts_rank(ts_backfill(mdl177_2_earningsqualityfactor_uar, 60), 90)) - rank(ts_rank(returns, 20))), bucket(rank(ts_mean(volume, 20)), range=""0, 1, 0.1"")), 10))"
ERROR,,,,,,,TOP1000,0,8,INDUSTRY,,"normalize(ts_decay_linear(group_neutralize(rank(rank(ts_rank(ts_backfill(mdl177_2_deepvaluefactor_ttmepa, 60), 90)) - rank(ts_rank(returns, 20))), bucket(rank(ts_mean(volume, 20)), range=""0, 1, 0.1"")), 10))"
ERROR,,,,,,,TOP1000,0,8,INDUSTRY,,"normalize(ts_decay_linear(group_neutralize(rank(rank(ts_rank(ts_backfill(mdl177_2_earningsqualityfactor_erc, 60), 90)) - rank(ts_rank(returns, 20))), bucket(rank(ts_mean(volume, 20)), range=""0, 1, 0.1"")), 10))"
ERROR,,,,,,,TOP3000,0,5,SUBINDUSTRY,,"normalize(ts_decay_linear(group_neutralize(rank(rank(ts_rank(ts_backfill(inverse_peg_ratio, 60), 90)) - rank(ts_rank(returns, 20))), bucket(rank(ts_mean(volume, 20)), range=""0, 1, 0.1"")), 10))"
ERROR,,,,,,,TOP1000,0,8,INDUSTRY,,"normalize(ts_decay_linear(group_neutralize(rank(rank(ts_rank(ts_backfill(equity_value_score, 60), 90)) - rank(ts_rank(vwap, 20))), subindustry), 2))"
ERROR,,,,,,,TOP1000,0,3,INDUSTRY,,"normalize(ts_decay_linear(group_neutralize(rank(rank(ts_rank(ts_backfill(forward_ebitda_to_enterprise_value_2, 60), 90)) - rank(ts_rank(vwap, 20))), subindustry), 2))"
FAILED,0.2400,0.0800,1.4800,14.7300,2.2800,12.9900,TOP3000,0,8,SUBINDUSTRY,LOW_SHARPE;LOW_FITNESS;SELF_CORRELATION,"normalize(ts_decay_linear(group_neutralize(rank(rank(ts_rank(ts_backfill(debt, 60), 90)) - rank(ts_rank(vwap, 20))), subindustry), 2))"
FAILED,0.6700,0.3900,4.3300,7.8300,7.4200,11.6600,TOP1000,0,3,SUBINDUSTRY,LOW_SHARPE;LOW_FITNESS;SELF_CORRELATION,"normalize(ts_decay_linear(group_neutralize(rank(rank(ts_rank(ts_backfill(debt, 60), 90)) - rank(ts_rank(close, 20))), bucket(rank(ts_mean(volume, 20)), range=""0, 1, 0.1"")), 10))"
FAILED,-0.7300,-0.3900,-5.9400,36.2400,-5.7900,20.5100,TOP3000,0,5,SUBINDUSTRY,LOW_SHARPE;LOW_FITNESS;SELF_CORRELATION,"normalize(ts_decay_linear(group_neutralize(rank(ts_delta(rank(ts_backfill(enterprise_value, 60)), 10)), bucket(rank(ts_mean(volume, 20)), range=""0, 1, 0.1"")), 5))"
FAILED,-0.6100,-0.4200,-6.0000,37.6800,-11.6300,10.3200,TOP3000,0,10,INDUSTRY,LOW_SHARPE;LOW_FITNESS;LOW_SUB_UNIVERSE_SHARPE;SELF_CORRELATION,"normalize(ts_decay_linear(group_neutralize(rank(ts_delta(rank(ts_backfill(enterprise_value, 60)), 20)), bucket(rank(ts_mean(volume, 20)), range=""0, 1, 0.1"")), 10))"
FAILED,-0.2700,-0.1100,-2.0000,18.3500,-3.4200,11.7300,TOP1000,0,5,INDUSTRY,LOW_SHARPE;LOW_FITNESS;SELF_CORRELATION,"normalize(ts_decay_linear(group_neutralize(rank(rank(ts_rank(ts_backfill(enterprise_value, 60), 90)) - rank(ts_rank(close, 20))), bucket(rank(cap), range=""0, 1, 0.1"")), 10))"
HTTP_400,,,,,,,TOP1000,0,2,INDUSTRY,,"normalize(ts_decay_linear(group_neutralize(rank(rank(ts_backfill(earnings_per_share_estimate_count, 60)) * rank(ts_backfill(sentiment_buzz_weekly, 60))), bucket(rank(ts_mean(volume, 20)), range=""0, 1, 0.1"")), 10))"
HTTP_400,,,,,,,TOP1000,0,5,SUBINDUSTRY,,"normalize(ts_decay_linear(group_neutralize(rank(rank(ts_backfill(inverse_peg_ratio_2, 60)) * rank(ts_backfill(sentiment_buzz_weekly, 60))), bucket(rank(ts_mean(volume, 20)), range=""0, 1, 0.1"")), 10))"
HTTP_400,,,,,,,TOP3000,0,8,INDUSTRY,,"normalize(ts_decay_linear(group_neutralize(rank(rank(ts_backfill(inverse_peg_ratio_2, 60)) * rank(ts_backfill(mdl177_2_deepvaluefactor_ttmpiqp, 60))), bucket(rank(ts_mean(volume, 20)), range=""0, 1, 0.1"")), 10))"
HTTP_400,,,,,,,TOP3000,0,8,INDUSTRY,,"normalize(ts_decay_linear(group_neutralize(rank(rank(ts_backfill(inverse_peg_ratio_2, 60)) * rank(ts_backfill(anl4_ebit_value, 60))), bucket(rank(ts_mean(volume, 20)), range=""0, 1, 0.1"")), 10))"
HTTP_400,,,,,,,TOP1000,0,10,INDUSTRY,,"-1 * normalize(ts_decay_linear(group_neutralize(rank(rank(ts_rank(ts_backfill(earnings_revision_magnitude, 60), 90)) - rank(ts_rank(volume, 20))), bucket(rank(cap), range=""0, 1, 0.1"")), 3))"
HTTP_400,,,,,,,TOP1000,0,8,INDUSTRY,,"-1 * normalize(ts_decay_linear(group_neutralize(rank(rank(ts_rank(ts_backfill(inverse_peg_ratio, 60), 90)) - rank(ts_rank(volume, 20))), bucket(rank(cap), range=""0, 1, 0.1"")), 3))"
HTTP_400,,,,,,,TOP1000,0,2,SUBINDUSTRY,,"-1 * normalize(ts_decay_linear(group_neutralize(rank(rank(ts_rank(ts_backfill(inverse_peg_ratio_2_emmodel, 60), 90)) - rank(ts_rank(volume, 20))), bucket(rank(cap), range=""0, 1, 0.1"")), 3))"
HTTP_400,,,,,,,TOP1000,0,2,INDUSTRY,,"-1 * normalize(ts_decay_linear(group_neutralize(rank(rank(ts_rank(ts_backfill(depre_amort, 60), 90)) - rank(ts_rank(volume, 20))), bucket(rank(cap), range=""0, 1, 0.1"")), 3))"
HTTP_400,,,,,,,TOP3000,0,10,SUBINDUSTRY,,"normalize(ts_decay_linear(group_neutralize(rank(rank(ts_rank(ts_backfill(fnd6_mfma2_oancf, 60), 90)) - rank(ts_rank(returns, 20))), bucket(rank(cap), range=""0, 1, 0.1"")), 10))"
HTTP_400,,,,,,,TOP3000,0,10,INDUSTRY,,"normalize(ts_decay_linear(group_neutralize(rank(rank(ts_rank(ts_backfill(mdl177_2_earningsqualityfactor_salegpm, 60), 90)) - rank(ts_rank(returns, 20))), bucket(rank(cap), range=""0, 1, 0.1"")), 10))"
HTTP_400,,,,,,,TOP3000,0,8,INDUSTRY,,"normalize(ts_decay_linear(group_neutralize(rank(rank(ts_rank(ts_backfill(anl4_ptp_flag, 60), 90)) - rank(ts_rank(returns, 20))), bucket(rank(cap), range=""0, 1, 0.1"")), 10))"
HTTP_400,,,,,,,TOP1000,0,8,SUBINDUSTRY,,"normalize(ts_decay_linear(group_neutralize(rank(rank(ts_rank(ts_backfill(mdl177_2_deepvaluefactor_cashsev, 60), 90)) - rank(ts_rank(returns, 20))), bucket(rank(cap), range=""0, 1, 0.1"")), 10))"
HTTP_400,,,,,,,TOP1000,0,2,SUBINDUSTRY,,"normalize(ts_decay_linear(group_neutralize(rank(ts_backfill(mdl177_2_earningmomentumfactor400_surp, 60)), bucket(rank(cap), range=""0, 1, 0.1"")), 3))"
HTTP_400,,,,,,,TOP1000,0,5,INDUSTRY,,"normalize(ts_decay_linear(group_neutralize(rank(ts_backfill(fcf_yield_multiplied_forward_roe, 60)), bucket(rank(cap), range=""0, 1, 0.1"")), 3))"
HTTP_400,,,,,,,TOP1000,0,3,SUBINDUSTRY,,"normalize(ts_decay_linear(group_neutralize(rank(ts_backfill(mdl177_2_garpanalystmodel_qgp_valuation, 60)), bucket(rank(cap), range=""0, 1, 0.1"")), 3))"
HTTP_400,,,,,,,TOP1000,0,10,INDUSTRY,,"normalize(ts_decay_linear(group_neutralize(rank(ts_backfill(mdl177_2_deepvaluefactor_indidivy, 60)), bucket(rank(cap), range=""0, 1, 0.1"")), 3))"
HTTP_400,,,,,,,TOP3000,0,10,SUBINDUSTRY,,"-1 * normalize(ts_decay_linear(group_neutralize(rank(trade_when(ts_delta(close, 5) > ts_std_dev(close, 20), zscore(ts_backfill(mdl177_2_earningsqualityfactor_uinv, 60)), -1)), industry), 5))"
HTTP_400,,,,,,,TOP3000,0,3,INDUSTRY,,"-1 * normalize(ts_decay_linear(group_neutralize(rank(trade_when(ts_delta(close, 5) > ts_std_dev(close, 20), zscore(ts_backfill(mdl177_2_garpanalystmodel_qgp_chgvaluation, 60)), -1)), industry), 5))"
HTTP_400,,,,,,,TOP3000,0,5,INDUSTRY,,"-1 * normalize(ts_decay_linear(group_neutralize(rank(trade_when(ts_delta(close, 5) > ts_std_dev(close, 20), zscore(ts_backfill(inverse_peg_ratio_2, 60)), -1)), industry), 5))"
HTTP_400,,,,,,,TOP3000,0,2,INDUSTRY,,"-1 * normalize(ts_decay_linear(group_neutralize(rank(trade_when(ts_delta(close, 5) > ts_std_dev(close, 20), zscore(ts_backfill(actual_eps_value_quarterly, 60)), -1)), industry), 5))"
HTTP_400,,,,,,,TOP1000,0,2,SUBINDUSTRY,,"normalize(ts_decay_linear(group_neutralize(rank(rank(ts_rank(ts_backfill(fnd6_eventv110_gdwlieps12, 60), 90)) - rank(ts_rank(returns, 20))), bucket(rank(cap), range=""0, 1, 0.1"")), 10))"
FAILED,-0.0600,-0.0100,-0.2300,12.7600,-0.2500,18.3800,TOP3000,0,8,SUBINDUSTRY,LOW_SHARPE;LOW_FITNESS;SELF_CORRELATION,"-1 * normalize(ts_decay_linear(group_neutralize(rank(rank(ts_rank(ts_backfill(credit_facility_max_borrowing_2, 60), 90)) - rank(ts_rank(returns, 20))), bucket(rank(cap), range=""0, 1, 0.1"")), 2))"
FAILED,0.5300,0.2500,2.7800,14.3400,4.5600,12.1800,TOP1000,0,8,INDUSTRY,LOW_SHARPE;LOW_FITNESS;SELF_CORRELATION,"-1 * normalize(ts_decay_linear(group_neutralize(rank(rank(ts_rank(ts_backfill(credit_facility_max_borrowing_2, 60), 90)) - rank(ts_rank(volume, 20))), bucket(rank(cap), range=""0, 1, 0.1"")), 10))"
SUCCESS,-0.5500,-0.2600,-2.8500,20.3000,-4.4400,12.8500,TOP1000,0,2,INDUSTRY,LOW_SHARPE;LOW_FITNESS;LOW_SUB_UNIVERSE_SHARPE,"-1 * normalize(ts_decay_linear(group_neutralize(rank(rank(ts_rank(ts_backfill(credit_facility_max_borrowing_2, 60), 90)) - rank(ts_rank(vwap, 20))), subindustry), 10))"
HTTP_504,,,,,,,TOP1000,0,10,SUBINDUSTRY,,"normalize(ts_decay_linear(group_neutralize(rank(rank(ts_rank(ts_backfill(credit_facility_max_borrowing_2, 60), 90)) - rank(ts_rank(vwap, 20))), subindustry), 10))"
HTTP_504,,,,,,,TOP1000,0,8,SUBINDUSTRY,,"-1 * normalize(ts_decay_linear(group_neutralize(rank(rank(ts_rank(ts_backfill(accumulated_oci_net_of_tax_value, 60), 90)) - rank(ts_rank(close, 20))), bucket(rank(ts_mean(volume, 20)), range=""0, 1, 0.1"")), 3))"
HTTP_504,,,,,,,TOP1000,0,3,INDUSTRY,,"-1 * normalize(ts_decay_linear(group_neutralize(rank(rank(ts_rank(ts_backfill(abnormal_return_earnings_release, 60), 90)) - rank(ts_rank(close, 20))), bucket(rank(ts_mean(volume, 20)), range=""0, 1, 0.1"")), 3))"
METRICS_EXTRACTION_FAILED,,,,,,,TOP1000,0,2,INDUSTRY,,"-1 * normalize(ts_decay_linear(group_neutralize(rank(rank(ts_rank(ts_backfill(debt_repayments_total, 60), 90)) - rank(ts_rank(close, 20))), bucket(rank(ts_mean(volume, 20)), range=""0, 1, 0.1"")), 3))"
ERROR,,,,,,,TOP3000,0,2,INDUSTRY,,"-1 * normalize(ts_decay_linear(group_neutralize(rank(rank(ts_rank(ts_backfill(mdl177_2_garpanalystmodel_qgp_composite, 60), 90)) - rank(ts_rank(close, 20))), bucket(rank(ts_mean(volume, 20)), range=""0, 1, 0.1"")), 3))"
ERROR,,,,,,,TOP3000,0,2,INDUSTRY,,"-1 * normalize(ts_decay_linear(group_neutralize(rank(rank(ts_rank(ts_backfill(cash_earnings_return_on_equity, 60), 90)) - rank(ts_rank(vwap, 20))), bucket(rank(cap), range=""0, 1, 0.1"")), 8))"
ERROR,,,,,,,TOP3000,0,10,INDUSTRY,,"-1 * normalize(ts_decay_linear(group_neutralize(rank(rank(ts_rank(ts_backfill(mdl177_2_deepvaluefactor_f12mepssev, 60), 90)) - rank(ts_rank(vwap, 20))), bucket(rank(cap), range=""0, 1, 0.1"")), 8))"
ERROR,,,,,,,TOP3000,0,10,SUBINDUSTRY,,"-1 * normalize(ts_decay_linear(group_neutralize(rank(rank(ts_rank(ts_backfill(gross_profit_margin_ttm_2, 60), 90)) - rank(ts_rank(vwap, 20))), bucket(rank(cap), range=""0, 1, 0.1"")), 8))"
ERROR,,,,,,,TOP3000,0,10,SUBINDUSTRY,,"-1 * normalize(ts_decay_linear(group_neutralize(rank(rank(ts_rank(ts_backfill(cash_burn_rate, 60), 90)) - rank(ts_rank(vwap, 20))), bucket(rank(cap), range=""0, 1, 0.1"")), 8))"
ERROR,,,,,,,TOP3000,0,3,SUBINDUSTRY,,"normalize(ts_decay_linear(group_neutralize(rank(trade_when(abs(returns) > (ts_std_dev(returns, 20) * 2.0), rank(ts_backfill(mdl177_2_deepvaluefactor_ebitdaev, 60)), -1)), bucket(rank(ts_mean(volume, 20)), range=""0, 1, 0.1"")), 8))"
ERROR,,,,,,,TOP1000,0,8,SUBINDUSTRY,,"normalize(ts_decay_linear(group_neutralize(rank(trade_when(abs(returns) > (ts_std_dev(returns, 20) * 2.0), rank(ts_backfill(mdl177_2_5yearrelativevaluefactor_rel5yep, 60)), -1)), bucket(rank(ts_mean(volume, 20)), range=""0, 1, 0.1"")), 8))"
ERROR,,,,,,,TOP1000,0,10,INDUSTRY,,"normalize(ts_decay_linear(group_neutralize(rank(trade_when(abs(returns) > (ts_std_dev(returns, 20) * 2.0), rank(ts_backfill(current_liabilities_to_price, 60)), -1)), bucket(rank(ts_mean(volume, 20)), range=""0, 1, 0.1"")), 8))"
FAILED,0.1000,0.0300,1.1000,33.3000,6.5000,3.3800,TOP1000,0,5,INDUSTRY,LOW_SHARPE;LOW_FITNESS;LOW_SUB_UNIVERSE_SHARPE;SELF_CORRELATION,"normalize(ts_decay_linear(group_neutralize(rank(trade_when(abs(returns) > (ts_std_dev(returns, 20) * 2.0), rank(ts_backfill(eps, 60)), -1)), bucket(rank(ts_mean(volume, 20)), range=""0, 1, 0.1"")), 8))"
ERROR,,,,,,,TOP3000,0,8,SUBINDUSTRY,,"-1 * normalize(ts_decay_linear(group_neutralize(rank(rank(ts_rank(ts_backfill(actual_eps_value_quarterly, 60), 90)) - rank(ts_rank(close, 20))), industry), 3))"
HTTP_504,,,,,,,TOP1000,0,8,SUBINDUSTRY,,"-1 * normalize(ts_decay_linear(group_neutralize(rank(rank(ts_rank(ts_backfill(mdl177_2_deepvaluefactor_ttmfcfev, 60), 90)) - rank(ts_rank(close, 20))), industry), 3))"
HTTP_504,,,,,,,TOP3000,0,10,INDUSTRY,,"-1 * normalize(ts_decay_linear(group_neutralize(rank(rank(ts_rank(ts_backfill(mdl177_2_garpanalystmodel_qgp_relpegy, 60), 90)) - rank(ts_rank(close, 20))), industry), 3))"
HTTP_504,,,,,,,TOP1000,0,10,SUBINDUSTRY,,"-1 * normalize(ts_decay_linear(group_neutralize(rank(rank(ts_rank(ts_backfill(mdl177_2_deepvaluefactor_ttmepa, 60), 90)) - rank(ts_rank(close, 20))), industry), 3))"
HTTP_504,,,,,,,TOP1000,0,2,INDUSTRY,,"normalize(ts_decay_linear(group_neutralize(rank(rank(ts_rank(ts_backfill(cash_burn_rate_v1, 60), 90)) - rank(ts_rank(volume, 20))), bucket(rank(ts_mean(volume, 20)), range=""0, 1, 0.1"")), 8))"
HTTP_504,,,,,,,TOP3000,0,3,SUBINDUSTRY,,"normalize(ts_decay_linear(group_neutralize(rank(rank(ts_rank(ts_backfill(mdl177_2_garpanalystmodel_qgp_composite, 60), 90)) - rank(ts_rank(volume, 20))), bucket(rank(ts_mean(volume, 20)), range=""0, 1, 0.1"")), 8))"
HTTP_504,,,,,,,TOP1000,0,8,SUBINDUSTRY,,"normalize(ts_decay_linear(group_neutralize(rank(rank(ts_rank(ts_backfill(inverse_peg_ratio, 60), 90)) - rank(ts_rank(volume, 20))), bucket(rank(ts_mean(volume, 20)), range=""0, 1, 0.1"")), 8))"
HTTP_504,,,,,,,TOP1000,0,10,INDUSTRY,,"normalize(ts_decay_linear(group_neutralize(rank(rank(ts_rank(ts_backfill(coefficient_variation_fy2_eps, 60), 90)) - rank(ts_rank(volume, 20))), bucket(rank(ts_mean(volume, 20)), range=""0, 1, 0.1"")), 8))"
HTTP_504,,,,,,,TOP1000,0,10,INDUSTRY,,"-1 * normalize(ts_decay_linear(group_neutralize(rank(rank(ts_backfill(mdl177_2_garpanalystmodel_qgp_chgvaluation, 60)) * rank(ts_backfill(sentiment_buzz_weekly, 60))), bucket(rank(ts_mean(volume, 20)), range=""0, 1, 0.1"")), 2))"
HTTP_504,,,,,,,TOP3000,0,2,SUBINDUSTRY,,"-1 * normalize(ts_decay_linear(group_neutralize(rank(rank(ts_backfill(mdl177_2_garpanalystmodel_qgp_composite, 60)) * rank(ts_backfill(sentiment_buzz_weekly, 60))), bucket(rank(ts_mean(volume, 20)), range=""0, 1, 0.1"")), 2))"
HTTP_504,,,,,,,TOP3000,0,8,SUBINDUSTRY,,"-1 * normalize(ts_decay_linear(group_neutralize(rank(rank(ts_backfill(inverse_peg_ratio_emmodel, 60)) * rank(ts_backfill(sentiment_buzz_weekly, 60))), bucket(rank(ts_mean(volume, 20)), range=""0, 1, 0.1"")), 2))"
HTTP_504,,,,,,,TOP3000,0,5,INDUSTRY,,"-1 * normalize(ts_decay_linear(group_neutralize(rank(rank(ts_backfill(debt_maturities_repayments_year2, 60)) * rank(ts_backfill(sentiment_buzz_weekly, 60))), bucket(rank(ts_mean(volume, 20)), range=""0, 1, 0.1"")), 2))"
ERROR,,,,,,,TOP3000,0,5,INDUSTRY,,"normalize(ts_decay_linear(group_neutralize(rank(rank(ts_rank(ts_backfill(mdl177_2_earningmomentumfactor400_surp, 60), 90)) - rank(ts_rank(vwap, 20))), bucket(rank(cap), range=""0, 1, 0.1"")), 10))"
ERROR,,,,,,,TOP1000,0,8,SUBINDUSTRY,,"normalize(ts_decay_linear(group_neutralize(rank(rank(ts_rank(ts_backfill(mdl177_2_deepvaluefactor_ttmgfp, 60), 90)) - rank(ts_rank(vwap, 20))), bucket(rank(cap), range=""0, 1, 0.1"")), 10))"
ERROR,,,,,,,TOP1000,0,10,SUBINDUSTRY,,"normalize(ts_decay_linear(group_neutralize(rank(rank(ts_rank(ts_backfill(inventory_change_avg_assets, 60), 90)) - rank(ts_rank(vwap, 20))), bucket(rank(cap), range=""0, 1, 0.1"")), 10))"
SUCCESS,-0.4100,-0.1700,-3.3800,25.5000,-3.3200,20.3600,TOP1000,0,2,SUBINDUSTRY,LOW_SHARPE;LOW_FITNESS;LOW_SUB_UNIVERSE_SHARPE,"-1 * normalize(ts_decay_linear(group_neutralize(rank(rank(ts_rank(ts_backfill(deferred_tax_assets_valuation_allowance_value, 60), 90)) - rank(ts_rank(close, 20))), subindustry), 5))"
FAILED,0.4100,0.1700,3.3800,10.6300,3.3200,20.3600,TOP1000,0,2,SUBINDUSTRY,LOW_SHARPE;LOW_FITNESS;SELF_CORRELATION,"normalize(ts_decay_linear(group_neutralize(rank(rank(ts_rank(ts_backfill(deferred_tax_assets_valuation_allowance_value, 60), 90)) - rank(ts_rank(close, 20))), subindustry), 5))"
FAILED,0.4000,0.1400,2.1200,8.8900,2.3400,18.0900,TOP3000,0,5,INDUSTRY,LOW_SHARPE;LOW_FITNESS;SELF_CORRELATION,"normalize(ts_decay_linear(group_neutralize(rank(rank(ts_rank(ts_backfill(deferred_tax_assets_valuation_allowance_value, 60), 90)) - rank(ts_rank(returns, 20))), bucket(rank(cap), range=""0, 1, 0.1"")), 10))"
FAILED,0.5500,0.2800,3.6100,11.9400,5.1400,14.0200,TOP1000,0,3,SUBINDUSTRY,LOW_SHARPE;LOW_FITNESS;SELF_CORRELATION,"normalize(ts_decay_linear(group_neutralize(rank(rank(ts_rank(ts_backfill(deferred_tax_assets_valuation_allowance_value, 60), 90)) - rank(ts_rank(vwap, 20))), bucket(rank(cap), range=""0, 1, 0.1"")), 10))"
ERROR,,,,,,,TOP3000,0,3,INDUSTRY,,"-1 * normalize(ts_decay_linear(group_neutralize(rank(rank(ts_rank(ts_backfill(mdl177_2_earningsqualityfactor_uar, 60), 90)) - rank(ts_rank(returns, 20))), bucket(rank(cap), range=""0, 1, 0.1"")), 10))"
ERROR,,,,,,,TOP3000,0,10,INDUSTRY,,"-1 * normalize(ts_decay_linear(group_neutralize(rank(rank(ts_rank(ts_backfill(mdl177_2_deepvaluemodel_dvm_composite, 60), 90)) - rank(ts_rank(returns, 20))), bucket(rank(cap), range=""0, 1, 0.1"")), 10))"
FAILED,-1.4400,-0.8900,-4.8000,25.6600,-9.0900,10.5700,TOP1000,0,5,SUBINDUSTRY,LOW_SHARPE;LOW_FITNESS;LOW_SUB_UNIVERSE_SHARPE;SELF_CORRELATION,"-1 * normalize(ts_decay_linear(group_neutralize(rank(rank(ts_rank(ts_backfill(eps, 60), 90)) - rank(ts_rank(returns, 20))), bucket(rank(cap), range=""0, 1, 0.1"")), 10))"
FAILED,-0.7400,-0.3800,-3.2700,20.0700,-6.0900,10.7400,TOP3000,0,5,SUBINDUSTRY,LOW_SHARPE;LOW_FITNESS;LOW_SUB_UNIVERSE_SHARPE;SELF_CORRELATION,"-1 * normalize(ts_decay_linear(group_neutralize(rank(rank(ts_rank(ts_backfill(eps, 60), 90)) - rank(ts_rank(vwap, 20))), bucket(rank(cap), range=""0, 1, 0.1"")), 10))"
HTTP_504,,,,,,,TOP1000,0,10,INDUSTRY,,"normalize(ts_decay_linear(group_neutralize(rank(rank(ts_rank(ts_backfill(coefficient_variation_fy2_eps, 60), 90)) - rank(ts_rank(returns, 20))), bucket(rank(ts_mean(volume, 20)), range=""0, 1, 0.1"")), 3))"
HTTP_504,,,,,,,TOP3000,0,3,INDUSTRY,,"normalize(ts_decay_linear(group_neutralize(rank(rank(ts_rank(ts_backfill(mdl177_2_deepvaluefactor_cashp, 60), 90)) - rank(ts_rank(returns, 20))), bucket(rank(ts_mean(volume, 20)), range=""0, 1, 0.1"")), 3))"
HTTP_504,,,,,,,TOP1000,0,10,INDUSTRY,,"normalize(ts_decay_linear(group_neutralize(rank(rank(ts_rank(ts_backfill(domestic_ebit_value, 60), 90)) - rank(ts_rank(returns, 20))), bucket(rank(ts_mean(volume, 20)), range=""0, 1, 0.1"")), 3))"
HTTP_504,,,,,,,TOP1000,0,8,SUBINDUSTRY,,"normalize(ts_decay_linear(group_neutralize(rank(rank(ts_rank(ts_backfill(enterprise_value, 60), 90)) - rank(ts_rank(returns, 20))), bucket(rank(ts_mean(volume, 20)), range=""0, 1, 0.1"")), 3))"
HTTP_504,,,,,,,TOP3000,0,8,SUBINDUSTRY,,"-1 * normalize(ts_decay_linear(group_neutralize(rank(rank(ts_backfill(mdl177_2_5yearrelativevaluefactor_rel5ydivp, 60)) * rank(ts_backfill(options_volume_flow, 60))), bucket(rank(ts_mean(volume, 20)), range=""0, 1, 0.1"")), 3))"
HTTP_504,,,,,,,TOP1000,0,8,INDUSTRY,,"-1 * normalize(ts_decay_linear(group_neutralize(rank(rank(ts_backfill(distress_risk_measure, 60)) * rank(ts_backfill(options_volume_flow, 60))), bucket(rank(ts_mean(volume, 20)), range=""0, 1, 0.1"")), 3))"
HTTP_504,,,,,,,TOP3000,0,10,INDUSTRY,,"-1 * normalize(ts_decay_linear(group_neutralize(rank(rank(ts_backfill(mdl177_2_deepvaluefactor_ttmfcfev, 60)) * rank(ts_backfill(options_volume_flow, 60))), bucket(rank(ts_mean(volume, 20)), range=""0, 1, 0.1"")), 3))"
HTTP_504,,,,,,,TOP3000,0,5,INDUSTRY,,"-1 * normalize(ts_decay_linear(group_neutralize(rank(rank(ts_backfill(capex, 60)) * rank(ts_backfill(options_volume_flow, 60))), bucket(rank(ts_mean(volume, 20)), range=""0, 1, 0.1"")), 3))"
HTTP_504,,,,,,,TOP1000,0,2,INDUSTRY,,"normalize(ts_decay_linear(group_neutralize(rank(ts_backfill(mdl177_2_earningmomentumfactor400_rev1q1, 60)), bucket(rank(ts_mean(volume, 20)), range=""0, 1, 0.1"")), 3))"
ERROR,,,,,,,TOP3000,0,5,INDUSTRY,,"normalize(ts_decay_linear(group_neutralize(rank(ts_backfill(inventory_change_avg_assets, 60)), bucket(rank(ts_mean(volume, 20)), range=""0, 1, 0.1"")), 3))"
HTTP_504,,,,,,,TOP1000,0,10,INDUSTRY,,"normalize(ts_decay_linear(group_neutralize(rank(ts_backfill(mdl177_2_deepvaluefactor_ttmocfp, 60)), bucket(rank(ts_mean(volume, 20)), range=""0, 1, 0.1"")), 3))"
ERROR,,,,,,,TOP1000,0,8,INDUSTRY,,"normalize(ts_decay_linear(group_neutralize(rank(ts_backfill(distress_risk_measure, 60)), bucket(rank(ts_mean(volume, 20)), range=""0, 1, 0.1"")), 3))"
ERROR,,,,,,,TOP3000,0,5,SUBINDUSTRY,,"normalize(ts_decay_linear(group_neutralize(rank(ts_delta(zscore(ts_backfill(fnd6_newqeventv110_nrtxtq, 60)), 5)), bucket(rank(cap), range=""0, 1, 0.1"")), 3))"
ERROR,,,,,,,TOP3000,0,5,SUBINDUSTRY,,"normalize(ts_decay_linear(group_neutralize(rank(ts_delta(zscore(ts_backfill(lagged_inverse_peg_ratio, 60)), 5)), bucket(rank(cap), range=""0, 1, 0.1"")), 3))"
FAILED,0.5200,0.1900,3.3300,9.1600,2.5500,26.1200,TOP3000,0,5,SUBINDUSTRY,LOW_SHARPE;LOW_FITNESS;LOW_SUB_UNIVERSE_SHARPE;SELF_CORRELATION,"normalize(ts_decay_linear(group_neutralize(rank(ts_delta(zscore(ts_backfill(domestic_ebit_value, 60)), 5)), bucket(rank(cap), range=""0, 1, 0.1"")), 3))"
FAILED,0.1800,0.0500,1.0700,7.5400,2.3700,9.0700,TOP1000,0,10,INDUSTRY,LOW_SHARPE;LOW_FITNESS;LOW_SUB_UNIVERSE_SHARPE;SELF_CORRELATION,"normalize(ts_decay_linear(group_neutralize(rank(rank(ts_rank(ts_backfill(domestic_ebit_value, 60), 90)) - rank(ts_rank(close, 20))), bucket(rank(ts_mean(volume, 20)), range=""0, 1, 0.1"")), 10))"
FAILED,-0.6000,-0.3100,-4.1000,26.5600,-5.2800,15.5100,TOP1000,0,3,INDUSTRY,LOW_SHARPE;LOW_FITNESS;LOW_SUB_UNIVERSE_SHARPE;SELF_CORRELATION,"-1 * normalize(ts_decay_linear(group_neutralize(rank(rank(ts_rank(ts_backfill(assets_curr, 60), 90)) - rank(ts_rank(vwap, 20))), bucket(rank(cap), range=""0, 1, 0.1"")), 5))"
SUCCESS,-0.5600,-0.3000,-3.4900,23.2600,-6.4500,10.8200,TOP1000,0,5,SUBINDUSTRY,LOW_SHARPE;LOW_FITNESS,"-1 * normalize(ts_decay_linear(group_neutralize(rank(rank(ts_rank(ts_backfill(assets_curr, 60), 90)) - rank(ts_rank(close, 20))), subindustry), 10))"
FAILED,0.5900,0.3200,3.6700,6.6900,6.8000,10.7900,TOP1000,0,5,INDUSTRY,LOW_SHARPE;LOW_FITNESS;LOW_SUB_UNIVERSE_SHARPE;SELF_CORRELATION,"normalize(ts_decay_linear(group_neutralize(rank(rank(ts_rank(ts_backfill(assets_curr, 60), 90)) - rank(ts_rank(close, 20))), subindustry), 10))"
FAILED,0.6000,0.3300,3.7500,6.5400,6.9800,10.7400,TOP1000,0,5,INDUSTRY,LOW_SHARPE;LOW_FITNESS;LOW_SUB_UNIVERSE_SHARPE;SELF_CORRELATION,"normalize(ts_decay_linear(group_neutralize(rank(rank(ts_rank(ts_backfill(assets_curr, 60), 90)) - rank(ts_rank(close, 20))), bucket(rank(cap), range=""0, 1, 0.1"")), 10))"
SUCCESS,-0.3800,-0.1700,-2.3700,22.2300,-38.9900,1.2100,TOP3000,0,2,SUBINDUSTRY,LOW_SHARPE;LOW_FITNESS,"normalize(ts_decay_linear(group_neutralize(rank(trade_when(ts_std_dev(returns, 10) > 0.05, rank(ts_backfill(debt_maturities_repayments_next12m, 60)), -1)), industry), 2))"
SUCCESS,-0.0500,-0.0100,-0.4600,17.0400,-5.9300,1.5600,TOP1000,0,8,SUBINDUSTRY,LOW_SHARPE;LOW_FITNESS;CONCENTRATED_WEIGHT,"-1 * normalize(ts_decay_linear(group_neutralize(rank(trade_when(ts_std_dev(returns, 10) > 0.05, rank(ts_backfill(debt_maturities_repayments_next12m, 60)), -1)), industry), 2))"
SUCCESS,-0.3500,-0.1500,-2.1500,21.0800,-39.1000,1.1000,TOP3000,0,8,SUBINDUSTRY,LOW_SHARPE;LOW_FITNESS,"normalize(ts_decay_linear(group_neutralize(rank(trade_when(ts_std_dev(returns, 10) > 0.05, rank(ts_backfill(debt_maturities_repayments_next12m, 60)), -1)), industry), 2))"
SUCCESS,0.3600,0.1500,2.2300,15.6100,37.5100,1.1900,TOP3000,0,3,SUBINDUSTRY,LOW_SHARPE;LOW_FITNESS;LOW_SUB_UNIVERSE_SHARPE,"-1 * normalize(ts_decay_linear(group_neutralize(rank(trade_when(ts_std_dev(returns, 10) > 0.05, rank(ts_backfill(debt_maturities_repayments_next12m, 60)), -1)), industry), 2))"
SUCCESS,0.0300,0.0000,0.3400,28.3700,5.2800,1.2800,TOP1000,0,5,INDUSTRY,LOW_SHARPE;LOW_FITNESS;LOW_SUB_UNIVERSE_SHARPE,"normalize(ts_decay_linear(group_neutralize(rank(trade_when(abs(returns) > (ts_std_dev(returns, 20) * 2.0), rank(ts_backfill(allowance_for_doubtful_accounts_2, 60)), -1)), industry), 8))"
ERROR,,,,,,,TOP1000,0,5,INDUSTRY,,"normalize(ts_decay_linear(group_neutralize(rank(trade_when(abs(returns) > (ts_std_dev(returns, 20) * 2.0), rank(ts_backfill(mdl177_2_deepvaluefactor_ebop, 60)), -1)), industry), 8))"
ERROR,,,,,,,TOP3000,0,8,INDUSTRY,,"normalize(ts_decay_linear(group_neutralize(rank(trade_when(abs(returns) > (ts_std_dev(returns, 20) * 2.0), rank(ts_backfill(mdl177_2_deepvaluefactor_bp, 60)), -1)), industry), 8))"
ERROR,,,,,,,TOP3000,0,2,INDUSTRY,,"normalize(ts_decay_linear(group_neutralize(rank(trade_when(abs(returns) > (ts_std_dev(returns, 20) * 2.0), rank(ts_backfill(anl4_fcf_flag, 60)), -1)), industry), 8))"
FAILED,0.5500,0.2800,3.1700,7.4000,5.3100,11.9300,TOP3000,0,2,INDUSTRY,LOW_SHARPE;LOW_FITNESS;SELF_CORRELATION,"normalize(ts_decay_linear(group_neutralize(rank(rank(ts_rank(ts_backfill(credit_facility_outstanding_amount, 60), 90)) - rank(ts_rank(vwap, 20))), bucket(rank(cap), range=""0, 1, 0.1"")), 10))"
FAILED,0.5300,0.2400,2.6600,5.7700,4.6500,11.4200,TOP3000,0,3,SUBINDUSTRY,LOW_SHARPE;LOW_FITNESS;SELF_CORRELATION,"normalize(ts_decay_linear(group_neutralize(rank(rank(ts_rank(ts_backfill(credit_facility_outstanding_amount, 60), 90)) - rank(ts_rank(close, 20))), bucket(rank(ts_mean(volume, 20)), range=""0, 1, 0.1"")), 10))"
FAILED,0.2100,0.0600,0.9100,8.5400,2.2500,8.0800,TOP1000,0,10,INDUSTRY,LOW_SHARPE;LOW_FITNESS;LOW_SUB_UNIVERSE_SHARPE;SELF_CORRELATION,"normalize(ts_decay_linear(group_neutralize(rank(rank(ts_rank(ts_backfill(credit_facility_outstanding_amount, 60), 90)) - rank(ts_rank(returns, 20))), bucket(rank(ts_mean(volume, 20)), range=""0, 1, 0.1"")), 10))"
FAILED,0.4700,0.2200,2.8600,7.4500,6.2200,9.2000,TOP1000,0,10,INDUSTRY,LOW_SHARPE;LOW_FITNESS;LOW_SUB_UNIVERSE_SHARPE;SELF_CORRELATION,"normalize(ts_decay_linear(group_neutralize(rank(rank(ts_rank(ts_backfill(credit_facility_outstanding_amount, 60), 90)) - rank(ts_rank(close, 20))), bucket(rank(cap), range=""0, 1, 0.1"")), 10))"
ERROR,,,,,,,TOP3000,0,10,INDUSTRY,,"normalize(ts_decay_linear(group_neutralize(rank(trade_when(ts_std_dev(returns, 10) > 0.05, rank(ts_backfill(long_term_earnings_growth_forecast, 60)), -1)), bucket(rank(cap), range=""0, 1, 0.1"")), 5))"
ERROR,,,,,,,TOP1000,0,2,INDUSTRY,,"normalize(ts_decay_linear(group_neutralize(rank(trade_when(ts_std_dev(returns, 10) > 0.05, rank(ts_backfill(forward_sales_to_price, 60)), -1)), bucket(rank(cap), range=""0, 1, 0.1"")), 5))"
FAILED,0.8400,0.4700,3.8800,6.9600,47.1800,1.6400,TOP3000,0,2,INDUSTRY,LOW_SHARPE;LOW_FITNESS;LOW_SUB_UNIVERSE_SHARPE;SELF_CORRELATION,"normalize(ts_decay_linear(group_neutralize(rank(trade_when(ts_std_dev(returns, 10) > 0.05, rank(ts_backfill(debt_stated_interest_rate_pct, 60)), -1)), bucket(rank(cap), range=""0, 1, 0.1"")), 5))"
ERROR,,,,,,,TOP3000,0,2,INDUSTRY,,"normalize(ts_decay_linear(group_neutralize(rank(rank(ts_rank(ts_backfill(fnd6_cptmfmq_lctq, 60), 90)) - rank(ts_rank(returns, 20))), bucket(rank(cap), range=""0, 1, 0.1"")), 5))"
ERROR,,,,,,,TOP3000,0,8,SUBINDUSTRY,,"normalize(ts_decay_linear(group_neutralize(rank(rank(ts_rank(ts_backfill(earnings_shortfall_metric, 60), 90)) - rank(ts_rank(returns, 20))), bucket(rank(cap), range=""0, 1, 0.1"")), 5))"
ERROR,,,,,,,TOP3000,0,8,INDUSTRY,,"normalize(ts_decay_linear(group_neutralize(rank(rank(ts_rank(ts_backfill(mdl177_2_earningsqualityfactor_erc, 60), 90)) - rank(ts_rank(returns, 20))), bucket(rank(cap), range=""0, 1, 0.1"")), 5))"
FAILED,0.1000,0.0200,0.5200,11.3700,0.4700,21.8800,TOP1000,0,3,INDUSTRY,LOW_SHARPE;LOW_FITNESS;LOW_SUB_UNIVERSE_SHARPE;SELF_CORRELATION,"normalize(ts_decay_linear(group_neutralize(rank(rank(ts_rank(ts_backfill(credit_facility_max_borrowing, 60), 90)) - rank(ts_rank(returns, 20))), bucket(rank(cap), range=""0, 1, 0.1"")), 5))"
ERROR,,,,,,,TOP1000,0,10,SUBINDUSTRY,,"normalize(ts_decay_linear(group_neutralize(rank(rank(ts_rank(ts_backfill(mdl177_2_earningsqualityfactor_uar, 60), 60)) - rank(ts_rank(returns, 60))), bucket(rank(cap), range=""0, 1, 0.1"")), 5))"
ERROR,,,,,,,TOP3000,0,5,INDUSTRY,,"normalize(ts_decay_linear(group_neutralize(rank(rank(ts_rank(ts_backfill(mdl177_2_deepvaluefactor_ebitdaev, 60), 60)) - rank(ts_rank(returns, 60))), bucket(rank(cap), range=""0, 1, 0.1"")), 5))"
ERROR,,,,,,,TOP3000,0,5,INDUSTRY,,"normalize(ts_decay_linear(group_neutralize(rank(rank(ts_rank(ts_backfill(mdl177_2_deepvaluefactor_proformaep, 60), 60)) - rank(ts_rank(returns, 60))), bucket(rank(cap), range=""0, 1, 0.1"")), 5))"
ERROR,,,,,,,TOP1000,0,2,INDUSTRY,,"normalize(ts_decay_linear(group_neutralize(rank(rank(ts_rank(ts_backfill(anl4_netprofit_value, 60), 60)) - rank(ts_rank(returns, 60))), bucket(rank(cap), range=""0, 1, 0.1"")), 5))"
ERROR,,,,,,,TOP3000,0,3,INDUSTRY,,"normalize(ts_decay_linear(group_neutralize(rank(rank(ts_rank(ts_backfill(anl4_fcf_flag, 60), 90)) - rank(ts_rank(vwap, 20))), industry), 3))"
ERROR,,,,,,,TOP1000,0,5,SUBINDUSTRY,,"normalize(ts_decay_linear(group_neutralize(rank(rank(ts_rank(ts_backfill(mdl177_2_earningsqualityfactor_saleeps, 60), 90)) - rank(ts_rank(vwap, 20))), industry), 3))"
ERROR,,,,,,,TOP3000,0,10,INDUSTRY,,"normalize(ts_decay_linear(group_neutralize(rank(rank(ts_rank(ts_backfill(current_liabilities_to_price, 60), 90)) - rank(ts_rank(vwap, 20))), industry), 3))"
ERROR,,,,,,,TOP3000,0,2,SUBINDUSTRY,,"normalize(ts_decay_linear(group_neutralize(rank(rank(ts_rank(ts_backfill(mdl177_2_earningsqualityfactor_ncfeps, 60), 90)) - rank(ts_rank(vwap, 20))), industry), 3))"
ERROR,,,,,,,TOP1000,0,10,INDUSTRY,,"-1 * normalize(ts_decay_linear(group_neutralize(rank(ts_backfill(mdl177_2_earningmomentumfactor400_surp, 60)), bucket(rank(ts_mean(volume, 20)), range=""0, 1, 0.1"")), 3))"
ERROR,,,,,,,TOP1000,0,10,SUBINDUSTRY,,"-1 * normalize(ts_decay_linear(group_neutralize(rank(ts_backfill(forward_ebitda_to_enterprise_value_2, 60)), bucket(rank(ts_mean(volume, 20)), range=""0, 1, 0.1"")), 3))"
ERROR,,,,,,,TOP3000,0,3,INDUSTRY,,"-1 * normalize(ts_decay_linear(group_neutralize(rank(ts_backfill(mdl177_2_deepvaluefactor_fwdep, 60)), bucket(rank(ts_mean(volume, 20)), range=""0, 1, 0.1"")), 3))"
ERROR,,,,,,,TOP1000,0,10,INDUSTRY,,"-1 * normalize(ts_decay_linear(group_neutralize(rank(ts_backfill(actual_eps_value_quarterly, 60)), bucket(rank(ts_mean(volume, 20)), range=""0, 1, 0.1"")), 3))"
ERROR,,,,,,,TOP3000,0,8,SUBINDUSTRY,,"-1 * normalize(ts_decay_linear(group_neutralize(rank(rank(ts_rank(ts_backfill(mdl177_2_earningsqualityfactor_uar, 60), 90)) - rank(ts_rank(returns, 20))), bucket(rank(cap), range=""0, 1, 0.1"")), 10))"
ERROR,,,,,,,TOP1000,0,2,INDUSTRY,,"-1 * normalize(ts_decay_linear(group_neutralize(rank(rank(ts_rank(ts_backfill(distress_risk_measure, 60), 90)) - rank(ts_rank(returns, 20))), bucket(rank(cap), range=""0, 1, 0.1"")), 10))"
FAILED,-0.4400,-0.1300,-1.1200,9.1100,-2.9000,7.7100,TOP3000,0,10,SUBINDUSTRY,LOW_SHARPE;LOW_FITNESS;LOW_SUB_UNIVERSE_SHARPE;SELF_CORRELATION,"-1 * normalize(ts_decay_linear(group_neutralize(rank(rank(ts_rank(ts_backfill(debt_repayments_total, 60), 90)) - rank(ts_rank(returns, 20))), bucket(rank(cap), range=""0, 1, 0.1"")), 10))"
FAILED,0.1700,0.0400,0.5800,9.8100,1.0000,11.7000,TOP1000,0,8,SUBINDUSTRY,LOW_SHARPE;LOW_FITNESS;SELF_CORRELATION,"-1 * normalize(ts_decay_linear(group_neutralize(rank(ts_delta(rank(ts_backfill(debt_repayments_total, 60)), 20)), bucket(rank(ts_mean(volume, 20)), range=""0, 1, 0.1"")), 10))"
ERROR,,,,,,,TOP1000,0,2,SUBINDUSTRY,,"normalize(ts_decay_linear(group_neutralize(rank(rank(ts_rank(ts_backfill(mdl177_2_earningmomentumfactor400_surp, 60), 90)) - rank(ts_rank(returns, 20))), bucket(rank(ts_mean(volume, 20)), range=""0, 1, 0.1"")), 10))"
ERROR,,,,,,,TOP1000,0,2,INDUSTRY,,"normalize(ts_decay_linear(group_neutralize(rank(rank(ts_rank(ts_backfill(credit_risk_premium_indicator, 60), 90)) - rank(ts_rank(returns, 20))), bucket(rank(ts_mean(volume, 20)), range=""0, 1, 0.1"")), 10))"
ERROR,,,,,,,TOP3000,0,5,INDUSTRY,,"normalize(ts_decay_linear(group_neutralize(rank(rank(ts_rank(ts_backfill(mdl177_2_earningsqualityfactor_uar, 60), 90)) - rank(ts_rank(volume, 20))), industry), 10))"
ERROR,,,,,,,TOP3000,0,2,INDUSTRY,,"normalize(ts_decay_linear(group_neutralize(rank(rank(ts_rank(ts_backfill(credit_risk_premium_indicator, 60), 90)) - rank(ts_rank(volume, 20))), industry), 10))"
ERROR,,,,,,,TOP1000,0,10,SUBINDUSTRY,,"normalize(ts_decay_linear(group_neutralize(rank(rank(ts_rank(ts_backfill(anl4_netprofit_value, 60), 90)) - rank(ts_rank(volume, 20))), industry), 10))"
ERROR,,,,,,,TOP3000,0,5,INDUSTRY,,"normalize(ts_decay_linear(group_neutralize(rank(rank(ts_rank(ts_backfill(mdl177_2_earningsqualityfactor_udep, 60), 90)) - rank(ts_rank(volume, 20))), industry), 10))"
ERROR,,,,,,,TOP3000,0,8,SUBINDUSTRY,,"normalize(ts_decay_linear(group_neutralize(rank(ts_delta(zscore(ts_backfill(enterprise_value_weighted_value_score, 60)), 3)), bucket(rank(cap), range=""0, 1, 0.1"")), 5))"
ERROR,,,,,,,TOP1000,0,8,SUBINDUSTRY,,"normalize(ts_decay_linear(group_neutralize(rank(ts_delta(zscore(ts_backfill(mdl177_2_earningsqualityfactor_indrelrecd_, 60)), 3)), bucket(rank(cap), range=""0, 1, 0.1"")), 5))"
ERROR,,,,,,,TOP3000,0,8,SUBINDUSTRY,,"normalize(ts_decay_linear(group_neutralize(rank(ts_delta(zscore(ts_backfill(mdl177_2_deepvaluefactor_past, 60)), 3)), bucket(rank(cap), range=""0, 1, 0.1"")), 5))"
ERROR,,,,,,,TOP1000,0,2,INDUSTRY,,"normalize(ts_decay_linear(group_neutralize(rank(ts_delta(zscore(ts_backfill(mdl177_2_earningsqualityfactor_ncfeps, 60)), 3)), bucket(rank(cap), range=""0, 1, 0.1"")), 5))"
FAILED,1.7289,1.1908,2.8874,-13.9241,9.0916,24.0528,TOP1000,0,2,SUBINDUSTRY,SELF_CORRELATION,"-1 * normalize(ts_decay_linear(group_neutralize(rank(ts_backfill(mdl177_2_earningmomentumfactor400_surp, 60)), bucket(rank(ts_mean(volume, 20)), range=""0, 1, 0.1"")), 3))"
FAILED,1.3006,1.7919,-0.2534,-4.5648,10.6591,71.4604,TOP1000,0,2,SUBINDUSTRY,SELF_CORRELATION,"-1 * normalize(ts_decay_linear(group_neutralize(rank(rank(ts_rank(ts_backfill(mdl177_2_earningmomentumfactor400_surp, 60), 90)) - rank(ts_rank(volume, 20))), bucket(rank(ts_mean(volume, 20)), range=""0, 1, 0.1"")), 10))"
FAILED,1.5472,1.5981,-3.6085,-20.7759,14.5067,7.5999,TOP1000,0,3,SUBINDUSTRY,SELF_CORRELATION,"-1 * normalize(ts_decay_linear(group_neutralize(rank(rank(ts_rank(ts_backfill(mdl177_2_earningmomentumfactor400_surp, 60), 90)) - rank(ts_rank(returns, 20))), bucket(rank(cap), range=""0, 1, 0.1"")), 10))"
FAILED,1.6170,2.0302,32.3195,-12.0326,29.5708,55.8008,TOP3000,0,10,INDUSTRY,SELF_CORRELATION,"normalize(ts_decay_linear(group_neutralize(rank(ts_delta(rank(ts_backfill(anl4_ebitda_value, 60)), 10)), bucket(rank(ts_mean(volume, 20)), range=""0, 1, 0.1"")), 5))"
FAILED,1.3342,1.8218,8.1295,-18.1018,24.5411,75.4465,TOP3000,0,10,SUBINDUSTRY,SELF_CORRELATION,"normalize(ts_decay_linear(group_neutralize(rank(rank(ts_rank(ts_backfill(anl4_ebitda_value, 60), 90)) - rank(ts_rank(volume, 20))), bucket(rank(cap), range=""0, 1, 0.1"")), 10))"
FAILED,1.0718,1.7847,24.8091,-19.0149,9.7550,25.5326,TOP1000,0,2,SUBINDUSTRY,SELF_CORRELATION,"normalize(ts_decay_linear(group_neutralize(rank(ts_rank(ts_backfill(anl4_ebitda_value, 60), 90)), bucket(rank(ts_mean(volume, 20)), range=""0, 1, 0.1"")), 10))"
FAILED,1.4311,0.8960,-8.8760,-9.5866,1.1027,70.9577,TOP1000,0,10,SUBINDUSTRY,SELF_CORRELATION,"-1 * normalize(ts_decay_linear(group_neutralize(rank(rank(ts_rank(ts_backfill(earnings_momentum_composite_score_2, 60), 90)) - rank(ts_rank(volume, 20))), bucket(rank(cap), range=""0, 1, 0.1"")), 2))"
SUCCESS,1.6021,1.0224,31.7344,-6.9761,3.2998,5.7240,TOP1000,0,5,INDUSTRY,,"-1 * normalize(ts_decay_linear(group_neutralize(rank(rank(ts_rank(ts_backfill(earnings_momentum_composite_score_2, 60), 90)) - rank(ts_rank(vwap, 20))), subindustry), 10))"
ERROR,,,,,,,TOP1000,0,3,INDUSTRY,,"normalize(ts_decay_linear(group_neutralize(rank(ts_rank(ts_backfill(mdl177_2_earningsqualityfactor_uar, 60), 20)), bucket(rank(cap), range=""0, 1, 0.1"")), 10))"
ERROR,,,,,,,TOP1000,0,8,INDUSTRY,,"normalize(ts_decay_linear(group_neutralize(rank(ts_rank(ts_backfill(forward_price_150, 60), 20)), bucket(rank(cap), range=""0, 1, 0.1"")), 10))"
ERROR,,,,,,,TOP1000,0,10,SUBINDUSTRY,,"normalize(ts_decay_linear(group_neutralize(rank(ts_rank(ts_backfill(mdl177_2_deepvaluefactor_ttmsp, 60), 20)), bucket(rank(cap), range=""0, 1, 0.1"")), 10))"
ERROR,,,,,,,TOP1000,0,2,INDUSTRY,,"normalize(ts_decay_linear(group_neutralize(rank(ts_rank(ts_backfill(put_breakeven_20, 60), 20)), bucket(rank(cap), range=""0, 1, 0.1"")), 10))"
ERROR,,,,,,,TOP3000,0,3,SUBINDUSTRY,,"-1 * normalize(ts_decay_linear(group_neutralize(rank(ts_backfill(mdl177_2_earningmomentumfactor400_surp, 60)), bucket(rank(ts_mean(volume, 20)), range=""0, 1, 0.1"")), 3))"
ERROR,,,,,,,TOP3000,0,5,SUBINDUSTRY,,"-1 * normalize(ts_decay_linear(group_neutralize(rank(ts_backfill(put_breakeven_90, 60)), bucket(rank(ts_mean(volume, 20)), range=""0, 1, 0.1"")), 3))"
ERROR,,,,,,,TOP1000,0,3,SUBINDUSTRY,,"-1 * normalize(ts_decay_linear(group_neutralize(rank(ts_backfill(put_breakeven_120, 60)), bucket(rank(ts_mean(volume, 20)), range=""0, 1, 0.1"")), 3))"
ERROR,,,,,,,TOP1000,0,5,SUBINDUSTRY,,"-1 * normalize(ts_decay_linear(group_neutralize(rank(ts_backfill(inverse_peg_ratio, 60)), bucket(rank(ts_mean(volume, 20)), range=""0, 1, 0.1"")), 3))"
ERROR,,,,,,,TOP3000,0,10,INDUSTRY,,"normalize(ts_decay_linear(group_neutralize(rank(zscore(ts_backfill(capex_to_depreciation_linkage, 60))), bucket(rank(cap), range=""0, 1, 0.1"")), 5))"
ERROR,,,,,,,TOP3000,0,2,INDUSTRY,,"normalize(ts_decay_linear(group_neutralize(rank(zscore(ts_backfill(mdl177_2_deepvaluefactor_ebitdaev, 60))), bucket(rank(cap), range=""0, 1, 0.1"")), 5))"
ERROR,,,,,,,TOP3000,0,3,SUBINDUSTRY,,"normalize(ts_decay_linear(group_neutralize(rank(zscore(ts_backfill(distress_risk_measure, 60))), bucket(rank(cap), range=""0, 1, 0.1"")), 5))"
ERROR,,,,,,,TOP1000,0,5,SUBINDUSTRY,,"normalize(ts_decay_linear(group_neutralize(rank(zscore(ts_backfill(mdl177_2_deepvaluefactor_ttmsp, 60))), bucket(rank(cap), range=""0, 1, 0.1"")), 5))"
ERROR,,,,,,,TOP1000,0,3,SUBINDUSTRY,,"normalize(ts_decay_linear(group_neutralize(rank(rank(ts_rank(ts_backfill(mdl177_2_earningmomentumfactor400_surp, 60), 90)) - rank(ts_rank(volume, 20))), bucket(rank(ts_mean(volume, 20)), range=""0, 1, 0.1"")), 10))"
ERROR,,,,,,,TOP3000,0,10,INDUSTRY,,"normalize(ts_decay_linear(group_neutralize(rank(rank(ts_rank(ts_backfill(snt1_d1_stockrank, 60), 90)) - rank(ts_rank(volume, 20))), bucket(rank(ts_mean(volume, 20)), range=""0, 1, 0.1"")), 10))"
ERROR,,,,,,,TOP3000,0,8,SUBINDUSTRY,,"normalize(ts_decay_linear(group_neutralize(rank(rank(ts_rank(ts_backfill(option_breakeven_120, 60), 90)) - rank(ts_rank(volume, 20))), bucket(rank(ts_mean(volume, 20)), range=""0, 1, 0.1"")), 10))"
ERROR,,,,,,,TOP3000,0,3,INDUSTRY,,"normalize(ts_decay_linear(group_neutralize(rank(rank(ts_rank(ts_backfill(mdl177_2_garpanalystmodel_qgp_alert, 60), 90)) - rank(ts_rank(volume, 20))), bucket(rank(ts_mean(volume, 20)), range=""0, 1, 0.1"")), 10))"
ERROR,,,,,,,TOP1000,0,2,SUBINDUSTRY,,"normalize(ts_decay_linear(group_neutralize(rank(rank(ts_rank(ts_backfill(mdl177_2_earningsqualityfactor_uar, 60), 90)) - rank(ts_rank(returns, 20))), subindustry), 10))"
ERROR,,,,,,,TOP1000,0,10,INDUSTRY,,"normalize(ts_decay_linear(group_neutralize(rank(rank(ts_rank(ts_backfill(mdl177_2_deepvaluefactor_fwdep, 60), 90)) - rank(ts_rank(returns, 20))), subindustry), 10))"
ERROR,,,,,,,TOP1000,0,10,SUBINDUSTRY,,"normalize(ts_decay_linear(group_neutralize(rank(rank(ts_rank(ts_backfill(mdl177_2_deepvaluefactor_indidivy, 60), 90)) - rank(ts_rank(returns, 20))), subindustry), 10))"
ERROR,,,,,,,TOP1000,0,8,INDUSTRY,,"normalize(ts_decay_linear(group_neutralize(rank(rank(ts_rank(ts_backfill(anl4_ebitda_flag, 60), 90)) - rank(ts_rank(returns, 20))), subindustry), 10))"
ERROR,,,,,,,TOP1000,0,2,SUBINDUSTRY,,"-1 * normalize(ts_decay_linear(group_neutralize(rank(rank(ts_rank(ts_backfill(consensus_analyst_rating, 60), 90)) - rank(ts_rank(returns, 20))), industry), 8))"
FAILED,,,,,,,TOP3000,0,10,SUBINDUSTRY,,"-1 * normalize(ts_decay_linear(group_neutralize(rank(rank(ts_rank(ts_backfill(earnings_momentum_composite_score_2, 60), 90)) - rank(ts_rank(close, 20))), bucket(rank(cap), range=""0, 1, 0.1"")), 10))"
FAILED,,,,,,,TOP3000,0,5,SUBINDUSTRY,,"-1 * normalize(ts_decay_linear(group_neutralize(rank(rank(ts_rank(ts_backfill(debt_st, 60), 90)) - rank(ts_rank(close, 20))), bucket(rank(cap), range=""0, 1, 0.1"")), 10))"
